Table,Team,Division,City,State,Stadium,Capacity,Affiliate,State/Province,City (all in Florida),City (all in California),City (all in Arizona),Province,Affiliates
Overview of International League teams,Buffalo Bisons,East,Buffalo,New York,Sahlen Field,16600,Toronto Blue Jays,,,,,,
Overview of International League teams,Charlotte Knights,East,Charlotte,North Carolina,Truist Field,10200,Chicago White Sox,,,,,,
Overview of International League teams,Columbus Clippers,West,Columbus,Ohio,Huntington Park,10100,Cleveland Guardians,,,,,,
Overview of International League teams,Durham Bulls,East,Durham,North Carolina,Durham Bulls Athletic Park,10000,Tampa Bay Rays,,,,,,
Overview of International League teams,Gwinnett Stripers,West,Lawrenceville,Georgia,Gwinnett Field,10427,Atlanta Braves,,,,,,
Overview of International League teams,Indianapolis Indians,West,Indianapolis,Indiana,Victory Field,14230,Pittsburgh Pirates,,,,,,
Overview of International League teams,Iowa Cubs,West,Des Moines,Iowa,Principal Park,11500,Chicago Cubs,,,,,,
Overview of International League teams,Jacksonville Jumbo Shrimp,East,Jacksonville,Florida,VyStar Ballpark,11000,Miami Marlins,,,,,,
Overview of International League teams,Lehigh Valley IronPigs,East,Allentown,Pennsylvania,Coca-Cola Park,10100,Philadelphia Phillies,,,,,,
Overview of International League teams,Louisville Bats,West,Louisville,Kentucky,Louisville Slugger Field,13131,Cincinnati Reds,,,,,,
Overview of International League teams,Memphis Redbirds,West,Memphis,Tennessee,AutoZone Park,10000,St. Louis Cardinals,,,,,,
Overview of International League teams,Nashville Sounds,West,Nashville,Tennessee,First Horizon Park,10000,Milwaukee Brewers,,,,,,
Overview of International League teams,Norfolk Tides,East,Norfolk,Virginia,Harbor Park,11856,Baltimore Orioles,,,,,,
Overview of International League teams,Omaha Storm Chasers,West,Papillion,Nebraska,Werner Park,9023,Kansas City Royals,,,,,,
Overview of International League teams,Rochester Red Wings,East,Rochester,New York,ESL Ballpark,10840,Washington Nationals,,,,,,
Overview of International League teams,Scranton/Wilkes-Barre RailRiders,East,Moosic,Pennsylvania,PNC Field,10000,New York Yankees,,,,,,
Overview of International League teams,St. Paul Saints,West,Saint Paul,Minnesota,CHS Field,7210,Minnesota Twins,,,,,,
Overview of International League teams,Syracuse Mets,East,Syracuse,New York,NBT Bank Stadium,11731,New York Mets,,,,,,
Overview of International League teams,Toledo Mud Hens,West,Toledo,Ohio,Fifth Third Field,10300,Detroit Tigers,,,,,,
Overview of International League teams,Worcester Red Sox,East,Worcester,Massachusetts,Polar Park,9508,Boston Red Sox,,,,,,
Overview of Pacific Coast League teams,Albuquerque Isotopes,East,Albuquerque,New Mexico,Rio Grande Credit Union Field at Isotopes Park,13500,Colorado Rockies,,,,,,
Overview of Pacific Coast League teams,El Paso Chihuahuas,East,El Paso,Texas,Southwest University Park,9500,San Diego Padres,,,,,,
Overview of Pacific Coast League teams,Las Vegas Aviators,West,Las Vegas,Nevada,Las Vegas Ballpark,10000,Athletics,,,,,,
Overview of Pacific Coast League teams,Oklahoma City Comets,East,Oklahoma City,Oklahoma,Chickasaw Bricktown Ballpark,9000,Los Angeles Dodgers,,,,,,
Overview of Pacific Coast League teams,Reno Aces,West,Reno,Nevada,Greater Nevada Field,9013,Arizona Diamondbacks,,,,,,
Overview of Pacific Coast League teams,Round Rock Express,East,Round Rock,Texas,Dell Diamond,11631,Texas Rangers,,,,,,
Overview of Pacific Coast League teams,Sacramento River Cats,West,West Sacramento,California,Sutter Health Park,14014,San Francisco Giants,,,,,,
Overview of Pacific Coast League teams,Salt Lake Bees,West,South Jordan,Utah,Ballpark at America First Square,8500,Los Angeles Angels,,,,,,
Overview of Pacific Coast League teams,Sugar Land Space Cowboys,East,Sugar Land,Texas,Constellation Field,7500,Houston Astros,,,,,,
Overview of Pacific Coast League teams,Tacoma Rainiers,West,Tacoma,Washington,Cheney Stadium,6500,Seattle Mariners,,,,,,
Overview of Eastern League teams,Akron RubberDucks,Southwest,Akron,Ohio,7 17 Credit Union Park,9097,Cleveland Guardians,,,,,,
Overview of Eastern League teams,Altoona Curve,Southwest,Altoona,Pennsylvania,Peoples Natural Gas Field,7210,Pittsburgh Pirates,,,,,,
Overview of Eastern League teams,Binghamton Rumble Ponies,Northeast,Binghamton,New York,Mirabito Stadium,6012,New York Mets,,,,,,
Overview of Eastern League teams,Chesapeake Baysox,Southwest,Bowie,Maryland,Prince George's Stadium,10000,Baltimore Orioles,,,,,,
Overview of Eastern League teams,Erie SeaWolves,Southwest,Erie,Pennsylvania,UPMC Park,6952,Detroit Tigers,,,,,,
Overview of Eastern League teams,Harrisburg Senators,Southwest,Harrisburg,Pennsylvania,FNB Field,6187,Washington Nationals,,,,,,
Overview of Eastern League teams,Hartford Yard Goats,Northeast,Hartford,Connecticut,Dunkin' Park,6000,Colorado Rockies,,,,,,
Overview of Eastern League teams,New Hampshire Fisher Cats,Northeast,Manchester,New Hampshire,Delta Dental Stadium,6500,Toronto Blue Jays,,,,,,
Overview of Eastern League teams,Portland Sea Dogs,Northeast,Portland,Maine,Hadlock Field,7368,Boston Red Sox,,,,,,
Overview of Eastern League teams,Reading Fightin Phils,Northeast,Reading,Pennsylvania,FirstEnergy Stadium,9000,Philadelphia Phillies,,,,,,
Overview of Eastern League teams,Richmond Flying Squirrels,Southwest,Richmond,Virginia,CarMax Park,10000,San Francisco Giants,,,,,,
Overview of Eastern League teams,Somerset Patriots,Northeast,Bridgewater,New Jersey,TD Bank Ballpark,6100,New York Yankees,,,,,,
Overview of Southern League teams,Biloxi Shuckers,South,Biloxi,Mississippi,Keesler Federal Park,6000,Milwaukee Brewers,,,,,,
Overview of Southern League teams,Birmingham Barons,North,Birmingham,Alabama,Regions Field,8500,Chicago White Sox,,,,,,
Overview of Southern League teams,Chattanooga Lookouts,North,Chattanooga,Tennessee,Erlanger Park,8032,Cincinnati Reds,,,,,,
Overview of Southern League teams,Columbus Clingstones,South,Columbus,Georgia,Synovus Park,5500,Atlanta Braves,,,,,,
Overview of Southern League teams,Knoxville Smokies,North,Knoxville,Tennessee,Covenant Health Park,6355,Chicago Cubs,,,,,,
Overview of Southern League teams,Montgomery Biscuits,South,Montgomery,Alabama,Dabos Park,7000,Tampa Bay Rays,,,,,,
Overview of Southern League teams,Pensacola Blue Wahoos,South,Pensacola,Florida,Blue Wahoos Stadium,5038,Miami Marlins,,,,,,
Overview of Southern League teams,Rocket City Trash Pandas,North,Madison,Alabama,Toyota Field,7000,Los Angeles Angels,,,,,,
Overview of Texas League teams,Amarillo Sod Poodles,South,Amarillo,Texas,Hodgetown,6631,Arizona Diamondbacks,,,,,,
Overview of Texas League teams,Arkansas Travelers,North,North Little Rock,Arkansas,Dickey–Stephens Park,5800,Seattle Mariners,,,,,,
Overview of Texas League teams,Corpus Christi Hooks,South,Corpus Christi,Texas,Whataburger Field,7679,Houston Astros,,,,,,
Overview of Texas League teams,Frisco RoughRiders,South,Frisco,Texas,Riders Field,10316,Texas Rangers,,,,,,
Overview of Texas League teams,Midland RockHounds,South,Midland,Texas,Momentum Bank Ballpark,6669,Athletics,,,,,,
Overview of Texas League teams,Northwest Arkansas Naturals,North,Springdale,Arkansas,Arvest Ballpark,7305,Kansas City Royals,,,,,,
Overview of Texas League teams,San Antonio Missions,South,San Antonio,Texas,Nelson W. Wolff Municipal Stadium,9200,San Diego Padres,,,,,,
Overview of Texas League teams,Springfield Cardinals,North,Springfield,Missouri,Route 66 Stadium,10486,St. Louis Cardinals,,,,,,
Overview of Texas League teams,Tulsa Drillers,North,Tulsa,Oklahoma,ONEOK Field,7833,Los Angeles Dodgers,,,,,,
Overview of Texas League teams,Wichita Wind Surge,North,Wichita,Kansas,Equity Bank Park,10000,Minnesota Twins,,,,,,
Overview of Midwest League teams,Beloit Sky Carp,West,Beloit,Wisconsin,ABC Supply Stadium,3501,Miami Marlins,,,,,,
Overview of Midwest League teams,Cedar Rapids Kernels,West,Cedar Rapids,Iowa,Veterans Memorial Stadium,5300,Minnesota Twins,,,,,,
Overview of Midwest League teams,Dayton Dragons,East,Dayton,Ohio,Day Air Ballpark,7230,Cincinnati Reds,,,,,,
Overview of Midwest League teams,Fort Wayne TinCaps,East,Fort Wayne,Indiana,Parkview Field,6516,San Diego Padres,,,,,,
Overview of Midwest League teams,Great Lakes Loons,East,Midland,Michigan,Dow Diamond,5500,Los Angeles Dodgers,,,,,,
Overview of Midwest League teams,Lake County Captains,East,Eastlake,Ohio,Classic Auto Group Park,7273,Cleveland Guardians,,,,,,
Overview of Midwest League teams,Lansing Lugnuts,East,Lansing,Michigan,Jackson Field,7527,Athletics,,,,,,
Overview of Midwest League teams,Peoria Chiefs,West,Peoria,Illinois,Dozer Park,8500,St. Louis Cardinals,,,,,,
Overview of Midwest League teams,Quad Cities River Bandits,West,Davenport,Iowa,Modern Woodmen Park,4024,Kansas City Royals,,,,,,
Overview of Midwest League teams,South Bend Cubs,West,South Bend,Indiana,Four Winds Field at Coveleski Stadium,5000,Chicago Cubs,,,,,,
Overview of Midwest League teams,West Michigan Whitecaps,East,Comstock Park,Michigan,LMCU Ballpark,9684,Detroit Tigers,,,,,,
Overview of Midwest League teams,Wisconsin Timber Rattlers,West,Appleton,Wisconsin,Neuroscience Group Field at Fox Cities Stadium,5900,Milwaukee Brewers,,,,,,
Overview of South Atlantic League teams,Asheville Tourists,South,Asheville,North Carolina,HomeTrust Park,4000,Houston Astros,,,,,,
Overview of South Atlantic League teams,Bowling Green Hot Rods,South,Bowling Green,Kentucky,Bowling Green Ballpark,4559,Tampa Bay Rays,,,,,,
Overview of South Atlantic League teams,Brooklyn Cyclones,North,Brooklyn,New York,Maimonides Park,7000,New York Mets,,,,,,
Overview of South Atlantic League teams,Frederick Keys,North,Frederick,Maryland,Nymeo Field at Harry Grove Stadium,5400,Baltimore Orioles,,,,,,
Overview of South Atlantic League teams,Greensboro Grasshoppers,South,Greensboro,North Carolina,First National Bank Field,7499,Pittsburgh Pirates,,,,,,
Overview of South Atlantic League teams,Greenville Drive,South,Greenville,South Carolina,Fluor Field at the West End,5700,Boston Red Sox,,,,,,
Overview of South Atlantic League teams,Hub City Spartanburgers,South,Spartanburg,South Carolina,Fifth Third Park,5000,Texas Rangers,,,,,,
Overview of South Atlantic League teams,Hudson Valley Renegades,North,Wappingers Falls,New York,Heritage Financial Park,4494,New York Yankees,,,,,,
Overview of South Atlantic League teams,Jersey Shore BlueClaws,North,Lakewood,New Jersey,ShoreTown Ballpark,6588,Philadelphia Phillies,,,,,,
Overview of South Atlantic League teams,Rome Emperors,South,Rome,Georgia,AdventHealth Stadium,5105,Atlanta Braves,,,,,,
Overview of South Atlantic League teams,Wilmington Blue Rocks,North,Wilmington,Delaware,Daniel S. Frawley Stadium,6532,Washington Nationals,,,,,,
Overview of South Atlantic League teams,Winston-Salem Dash,South,Winston-Salem,North Carolina,Truist Stadium,5500,Chicago White Sox,,,,,,
Overview of Northwest League teams,Eugene Emeralds,,Eugene,,PK Park,4000,San Francisco Giants,Oregon,,,,,
Overview of Northwest League teams,Everett AquaSox,,Everett,,Funko Field,3682,Seattle Mariners,Washington,,,,,
Overview of Northwest League teams,Hillsboro Hops,,Hillsboro,,Hillsboro Hops Ballpark,6000,Arizona Diamondbacks,Oregon,,,,,
Overview of Northwest League teams,Spokane Indians,,Spokane,,Avista Stadium,6803,Colorado Rockies,Washington,,,,,
Overview of Northwest League teams,Tri-City Dust Devils,,Pasco,,Gesa Stadium,3654,Los Angeles Angels,Washington,,,,,
Overview of Northwest League teams,Vancouver Canadians,,Vancouver,,Rogers Field at Nat Bailey Stadium,6013,Toronto Blue Jays,British Columbia,,,,,
Overview of Carolina League teams,Augusta GreenJackets,South,North Augusta,South Carolina,SRP Park,4000,Atlanta Braves,,,,,,
Overview of Carolina League teams,Charleston RiverDogs,South,Charleston,South Carolina,Joseph P. Riley Jr. Park,6000,Tampa Bay Rays,,,,,,
Overview of Carolina League teams,Columbia Fireflies,South,Columbia,South Carolina,Segra Park,7501,Kansas City Royals,,,,,,
Overview of Carolina League teams,Delmarva Shorebirds,North,Salisbury,Maryland,Arthur W. Perdue Stadium,5200,Baltimore Orioles,,,,,,
Overview of Carolina League teams,Fayetteville Woodpeckers,North,Fayetteville,North Carolina,Segra Stadium,4786,Houston Astros,,,,,,
Overview of Carolina League teams,Fredericksburg Nationals,North,Fredericksburg,Virginia,Virginia Credit Union Stadium,5000,Washington Nationals,,,,,,
Overview of Carolina League teams,Hickory Crawdads,South,Hickory,North Carolina,L. P. Frans Stadium,5062,Texas Rangers,,,,,,
Overview of Carolina League teams,Hill City Howlers,North,Lynchburg,Virginia,City Stadium,4000,Cleveland Guardians,,,,,,
Overview of Carolina League teams,Kannapolis Cannon Ballers,South,Kannapolis,North Carolina,Atrium Health Ballpark,4930,Chicago White Sox,,,,,,
Overview of Carolina League teams,Myrtle Beach Pelicans,South,Myrtle Beach,South Carolina,Pelicans Ballpark,4875,Chicago Cubs,,,,,,
Overview of Carolina League teams,Salem RidgeYaks,North,Salem,Virginia,Carilion Clinic Field at Salem Memorial Ballpark,6300,Boston Red Sox,,,,,,
Overview of Carolina League teams,Wilson Warbirds,North,Wilson,North Carolina,Wilson Ballpark,4500,Milwaukee Brewers,,,,,,
Overview of Florida State League teams,Bradenton Marauders,West,,,LECOM Park,8500,Pittsburgh Pirates,,Bradenton,,,,
Overview of Florida State League teams,Clearwater Threshers,West,,,BayCare Ballpark,8500,Philadelphia Phillies,,Clearwater,,,,
Overview of Florida State League teams,Daytona Tortugas,East,,,Jackie Robinson Ballpark,4200,Cincinnati Reds,,Daytona Beach,,,,
Overview of Florida State League teams,Dunedin Blue Jays,West,,,TD Ballpark,5509,Toronto Blue Jays,,Dunedin,,,,
Overview of Florida State League teams,Fort Myers Mighty Mussels,West,,,Hammond Stadium,7500,Minnesota Twins,,Fort Myers,,,,
Overview of Florida State League teams,Jupiter Hammerheads,East,,,Roger Dean Chevrolet Stadium,6871,Miami Marlins,,Jupiter,,,,
Overview of Florida State League teams,Lakeland Flying Tigers,West,,,Publix Field at Joker Marchant Stadium,8500,Detroit Tigers,,Lakeland,,,,
Overview of Florida State League teams,Palm Beach Cardinals,East,,,Roger Dean Chevrolet Stadium,6871,St. Louis Cardinals,,Jupiter,,,,
Overview of Florida State League teams,St. Lucie Mets,East,,,Clover Park,7347,New York Mets,,Port St. Lucie,,,,
Overview of Florida State League teams,Tampa Tarpons,West,,,George M. Steinbrenner Field,11026,New York Yankees,,Tampa,,,,
Overview of California League teams,Fresno Grizzlies,North,,,Chukchansi Park,10650,Colorado Rockies,,,Fresno,,,
Overview of California League teams,Inland Empire 66ers,South,,,San Manuel Stadium,5000,Seattle Mariners,,,San Bernardino,,,
Overview of California League teams,Lake Elsinore Storm,South,,,Lake Elsinore Diamond,7866,San Diego Padres,,,Lake Elsinore,,,
Overview of California League teams,Ontario Tower Buzzers,North,,,ONT Field,6000,Los Angeles Dodgers,,,Ontario,,,
Overview of California League teams,Rancho Cucamonga Quakes,South,,,LoanMart Field,6200,Los Angeles Angels,,,Rancho Cucamonga,,,
Overview of California League teams,San Jose Giants,North,,,Excite Ballpark,4200,San Francisco Giants,,,San Jose,,,
Overview of California League teams,Stockton Ports,North,,,Banner Island Ballpark,5300,Athletics,,,Stockton,,,
Overview of California League teams,Visalia Rawhide,South,,,Valley Strong Ballpark,2468,Arizona Diamondbacks,,,Visalia,,,
Overview of Arizona Complex League teams,ACL Angels,,,,Tempe Diablo Stadium,,Los Angeles Angels,,,,Tempe,,
Overview of Arizona Complex League teams,ACL Athletics,,,,Fitch Park,,Athletics,,,,Mesa,,
Overview of Arizona Complex League teams,ACL Brewers,,,,American Family Fields of Phoenix,,Milwaukee Brewers,,,,Phoenix,,
Overview of Arizona Complex League teams,ACL Cubs,,,,Sloan Park,,Chicago Cubs,,,,Mesa,,
Overview of Arizona Complex League teams,ACL D-backs,,,,Salt River Fields at Talking Stick,,Arizona Diamondbacks,,,,Scottsdale,,
Overview of Arizona Complex League teams,ACL Dodgers,,,,Camelback Ranch,,Los Angeles Dodgers,,,,Glendale,,
Overview of Arizona Complex League teams,ACL Giants,,,,Scottsdale Stadium,,San Francisco Giants,,,,Scottsdale,,
Overview of Arizona Complex League teams,ACL Guardians,,,,Goodyear Ballpark,,Cleveland Guardians,,,,Goodyear,,
Overview of Arizona Complex League teams,ACL Mariners,,,,Peoria Sports Complex,,Seattle Mariners,,,,Peoria,,
Overview of Arizona Complex League teams,ACL Padres,,,,Peoria Sports Complex,,San Diego Padres,,,,Peoria,,
Overview of Arizona Complex League teams,ACL Rangers,,,,Surprise Stadium,,Texas Rangers,,,,Surprise,,
Overview of Arizona Complex League teams,ACL Reds,,,,Goodyear Ballpark,,Cincinnati Reds,,,,Goodyear,,
Overview of Arizona Complex League teams,ACL Rockies,,,,Salt River Fields at Talking Stick,,Colorado Rockies,,,,Scottsdale,,
Overview of Arizona Complex League teams,ACL Royals,,,,Surprise Stadium,,Kansas City Royals,,,,Surprise,,
Overview of Arizona Complex League teams,ACL White Sox,,,,Camelback Ranch,,Chicago White Sox,,,,Glendale,,
Overview of Florida Complex League teams,FCL Astros,,,,Cacti Park of the Palm Beaches,,Houston Astros,,West Palm Beach,,,,
Overview of Florida Complex League teams,FCL Blue Jays,,,,Bobby Mattick Training Center,,Toronto Blue Jays,,Dunedin,,,,
Overview of Florida Complex League teams,FCL Braves,,,,CoolToday Park,,Atlanta Braves,,North Port,,,,
Overview of Florida Complex League teams,FCL Cardinals,,,,Roger Dean Chevrolet Stadium,,St. Louis Cardinals,,Jupiter,,,,
Overview of Florida Complex League teams,FCL Marlins,,,,Roger Dean Chevrolet Stadium,,Miami Marlins,,Jupiter,,,,
Overview of Florida Complex League teams,FCL Mets,,,,Clover Park,,New York Mets,,Port St. Lucie,,,,
Overview of Florida Complex League teams,FCL Nationals,,,,Cacti Park of the Palm Beaches,,Washington Nationals,,West Palm Beach,,,,
Overview of Florida Complex League teams,FCL Orioles,,,,Ed Smith Stadium,,Baltimore Orioles,,Sarasota,,,,
Overview of Florida Complex League teams,FCL Phillies,,,,Carpenter Complex,,Philadelphia Phillies,,Clearwater,,,,
Overview of Florida Complex League teams,FCL Pirates,,,,Pirate City,,Pittsburgh Pirates,,Bradenton,,,,
Overview of Florida Complex League teams,FCL Rays,,,,Charlotte Sports Park,,Tampa Bay Rays,,Port Charlotte,,,,
Overview of Florida Complex League teams,FCL Red Sox,,,,JetBlue Park at Fenway South,,Boston Red Sox,,Fort Myers,,,,
Overview of Florida Complex League teams,FCL Tigers,,,,Tigertown,,Detroit Tigers,,Lakeland,,,,
Overview of Florida Complex League teams,FCL Twins,,,,Lee County Sports Complex,,Minnesota Twins,,Fort Myers,,,,
Overview of Florida Complex League teams,FCL Yankees,,,,Himes Complex,,New York Yankees,,Tampa,,,,
Overview of Dominican Summer League teams,DSL Angels,Boca Chica South,San Pedro de Macorís,,Baseball Valley Complex,,Los Angeles Angels,,,,,San Pedro de Macorís,
Overview of Dominican Summer League teams,DSL Astros,Boca Chica Northwest,San Antonio de Guerra,,Houston Astros Complex,,Houston Astros,,,,,Santo Domingo,
Overview of Dominican Summer League teams,DSL Athletics,Boca Chica Northwest,Santo Domingo Norte,,Juan Marichal Complex,,Oakland Athletics,,,,,Santo Domingo,
Overview of Dominican Summer League teams,DSL Blue Jays,Boca Chica Baseball City,San Pedro de Macorís,,Baseball City Complex,,Toronto Blue Jays,,,,,San Pedro de Macorís,
Overview of Dominican Summer League teams,DSL Braves,Boca Chica Northwest,San Pedro de Macorís,,Corcova de Guerra Complex,,Atlanta Braves,,,,,San Pedro de Macorís,
Overview of Dominican Summer League teams,DSL Brewers Blue,Boca Chica San Pedro de Macorís,Santo Domingo Este,,Dominican Republic Academy,,Milwaukee Brewers,,,,,Santo Domingo,
Overview of Dominican Summer League teams,DSL Brewers Gold,Boca Chica San Pedro de Macorís,Santo Domingo Este,,Dominican Republic Academy,,Milwaukee Brewers,,,,,Santo Domingo,
Overview of Dominican Summer League teams,DSL Cardinals Blue,Boca Chica South,Santo Domingo Norte,,Baseball Oasis Complex,,St. Louis Cardinals,,,,,Santo Domingo,
Overview of Dominican Summer League teams,DSL Cardinals Red,Boca Chica San Pedro de Macorís,Santo Domingo Norte,,Baseball Oasis Complex,,St. Louis Cardinals,,,,,Santo Domingo,
Overview of Dominican Summer League teams,DSL Rockies,Boca Chica Northeast,Boca Chica,,Colorado Rockies Complex,,Colorado Rockies,,,,,Santo Domingo,
Overview of Dominican Summer League teams,DSL Cubs Blue,Boca Chica North,Boca Chica,,Chicago Cubs Complex,,Chicago Cubs,,,,,Santo Domingo,
Overview of Dominican Summer League teams,DSL Cubs Red,Boca Chica San Pedro de Macorís,Boca Chica,,Chicago Cubs Complex,,Chicago Cubs,,,,,Santo Domingo,
Overview of Dominican Summer League teams,DSL Diamondbacks 1,Boca Chica Baseball City,Boca Chica,,Baseball City Complex,,Arizona Diamondbacks,,,,,Santo Domingo,
Overview of Dominican Summer League teams,DSL Diamondbacks 2,Boca Chica San Pedro de Macorís,Boca Chica,,Baseball City Complex,,Arizona Diamondbacks,,,,,Santo Domingo,
Overview of Dominican Summer League teams,DSL Dodgers Bautista,Boca Chica Northwest,San Antonio de Guerra,,Las Américas Complex,,Los Angeles Dodgers,,,,,Santo Domingo,
Overview of Dominican Summer League teams,DSL Dodgers Shoemaker,Boca Chica North,San Antonio de Guerra,,Las Palmas Complex,,Los Angeles Dodgers,,,,,Santo Domingo,
Overview of Dominican Summer League teams,DSL Giants 1,Boca Chica Northeast,Boca Chica,,Felipe Rojas Alou Complex,,San Francisco Giants,,,,,Santo Domingo,
Overview of Dominican Summer League teams,DSL Giants 2,,Boca Chica,,Felipe Rojas Alou Complex,,San Francisco Giants,,,,,Santo Domingo,
Overview of Dominican Summer League teams,DSL Guardians 1,Boca Chica North,San Antonio de Guerra,,Cleveland Guardians Complex,,Cleveland Guardians,,,,,Santo Domingo,
Overview of Dominican Summer League teams,DSL Guardians 2,,San Antonio de Guerra,,Cleveland Guardians Complex,,Cleveland Guardians,,,,,Santo Domingo,
Overview of Dominican Summer League teams,DSL Mariners,Boca Chica Northeast,San Antonio de Guerra,,Seattle Mariners Complex,,Seattle Mariners,,,,,Santo Domingo,
Overview of Dominican Summer League teams,DSL Marlins,Boca Chica Northwest,Boca Chica,,Miami Marlins Complex,,Miami Marlins,,,,,Santo Domingo,
Overview of Dominican Summer League teams,DSL Mets 1,Boca Chica South,Boca Chica,,New York Mets Complex,,New York Mets,,,,,Santo Domingo,
Overview of Dominican Summer League teams,DSL Mets 2,Boca Chica San Pedro de Macorís,Boca Chica,,New York Mets Complex,,New York Mets,,,,,Santo Domingo,
Overview of Dominican Summer League teams,DSL Nationals,Boca Chica South,Boca Chica,,Baseball Valley Complex,,Washington Nationals,,,,,Santo Domingo,
Overview of Dominican Summer League teams,DSL Orioles 1,Boca Chica Baseball City,Boca Chica,,Baseball City Complex,,Baltimore Orioles,,,,,Santo Domingo,
Overview of Dominican Summer League teams,DSL Orioles 2,,Boca Chica,,Baseball City Complex,,Baltimore Orioles,,,,,Santo Domingo,
Overview of Dominican Summer League teams,DSL Padres,Boca Chica Baseball City,San Cristóbal,,Najayo Complex,,San Diego Padres,,,,,San Cristóbal,
Overview of Dominican Summer League teams,DSL Phillies Red,Boca Chica South,Boca Chica,,Philadelphia Phillies Academy,,Philadelphia Phillies,,,,,Santo Domingo,
Overview of Dominican Summer League teams,DSL Phillies White,Boca Chica San Pedro de Macorís,Boca Chica,,Philadelphia Phillies Academy,,Philadelphia Phillies,,,,,Santo Domingo,
Overview of Dominican Summer League teams,DSL Pirates 1,Boca Chica North,El Toro,,Pittsburgh Pirates Complex,,Pittsburgh Pirates,,,,,Peravia,
Overview of Dominican Summer League teams,DSL Pirates 2,Boca Chica Northeast,El Toro,,Pittsburgh Pirates Complex,,Pittsburgh Pirates,,,,,Peravia,
Overview of Dominican Summer League teams,DSL Rangers 1,Boca Chica North,Boca Chica,,Academia de Prospecto Complex,,Texas Rangers,,,,,Santo Domingo,
Overview of Dominican Summer League teams,DSL Rangers 2,Boca Chica San Pedro de Macorís,Boca Chica,,Academia de Prospecto Complex,,Texas Rangers,,,,,Santo Domingo,
Overview of Dominican Summer League teams,DSL Rays 1,Boca Chica Northwest,San Antonio de Guerra,,Tampa Bay Rays Complex,,Tampa Bay Rays,,,,,Santo Domingo,
Overview of Dominican Summer League teams,DSL Rays 2,Boca Chica North,San Antonio de Guerra,,Tampa Bay Rays Complex,,Tampa Bay Rays,,,,,Santo Domingo,
Overview of Dominican Summer League teams,DSL Reds,Boca Chica Baseball City,Boca Chica,,Baseball City Complex,,Cincinnati Reds,,,,,Santo Domingo,
Overview of Dominican Summer League teams,DSL Red Sox Blue,Boca Chica Northwest,El Toro,,El Toro Complex,,Boston Red Sox,,,,,Peravia,
Overview of Dominican Summer League teams,DSL Red Sox Red,Boca Chica North,El Toro,,El Toro Complex,,Boston Red Sox,,,,,Peravia,
Overview of Dominican Summer League teams,DSL Rockies,Boca Chica South,Boca Chica,,Colorado Rockies Complex,,Colorado Rockies,,,,,Santo Domingo,
Overview of Dominican Summer League teams,DSL Royals 1,Boca Chica Northwest,San Antonio de Guerra,,Kansas City Royals Complex,,Kansas City Royals,,,,,Santo Domingo,
Overview of Dominican Summer League teams,DSL Royals 2,Boca Chica Northeast,San Antonio de Guerra,,Kansas City Royals Complex,,Kansas City Royals,,,,,Santo Domingo,
Overview of Dominican Summer League teams,DSL Tigers 1,Boca Chica San Pedro de Macorís,San Pedro de Macorís,,Tower Complex,,Detroit Tigers,,,,,San Pedro de Macorís,
Overview of Dominican Summer League teams,DSL Tigers 2,Boca Chica Northeast,San Pedro de Macorís,,Tower Complex,,Detroit Tigers,,,,,San Pedro de Macorís,
Overview of Dominican Summer League teams,DSL Twins,Boca Chica South,Boca Chica,,Minnesota Twins Academy,,Minnesota Twins,,,,,Santo Domingo,
Overview of Dominican Summer League teams,DSL White Sox,Boca Chica Baseball City,Boca Chica,,Baseball City Complex,,Chicago White Sox,,,,,Santo Domingo,
Overview of Dominican Summer League teams,DSL Yankees,Boca Chica South,Boca Chica,,New York Yankees Complex,,New York Yankees,,,,,Santo Domingo,
Overview of Arizona Fall League teams,Glendale Desert Dogs,,,,Camelback Ranch,,,,,,Glendale,,"Chicago White Sox, Los Angeles Dodgers, Philadelphia Phillies, Cincinnati Reds, St. Louis Cardinals"
Overview of Arizona Fall League teams,Mesa Solar Sox,,,,Sloan Park,,,,,,Mesa,,"Chicago Cubs, Athletics, Boston Red Sox, Los Angeles Angels, Tampa Bay Rays"
Overview of Arizona Fall League teams,Peoria Javelinas,,,,Peoria Sports Complex,,,,,,Peoria,,"San Diego Padres, Seattle Mariners, Atlanta Braves, Miami Marlins, Milwaukee Brewers"
Overview of Arizona Fall League teams,Salt River Rafters,,,,Salt River Fields at Talking Stick,,,,,,Scottsdale,,"Arizona Diamondbacks, Colorado Rockies, New York Yankees, Washington Nationals, Minnesota Twins"
Overview of Arizona Fall League teams,Scottsdale Scorpions,,,,Scottsdale Stadium,,,,,,Scottsdale,,"San Francisco Giants, Pittsburgh Pirates, Detroit Tigers, New York Mets, Toronto Blue Jays"
Overview of Arizona Fall League teams,Surprise Saguaros,,,,Surprise Stadium,,,,,,Surprise,,"Kansas City Royals, Texas Rangers, Cleveland Guardians, Baltimore Orioles, Houston Astros"
Overview of American Association of Professional Baseball teams,Chicago Dogs,East,Rosemont,,Impact Field,6300,,Illinois,,,,,
Overview of American Association of Professional Baseball teams,Cleburne Railroaders,East,Cleburne,,La Moderna Field,2500,,Texas,,,,,
Overview of American Association of Professional Baseball teams,Fargo-Moorhead RedHawks,West,Fargo,,Newman Outdoor Field,4513,,North Dakota,,,,,
Overview of American Association of Professional Baseball teams,Gary SouthShore RailCats,East,Gary,,U.S. Steel Yard,6139,,Indiana,,,,,
Overview of American Association of Professional Baseball teams,Kane County Cougars,East,Geneva,,Northwestern Medicine Field,10923,,Illinois,,,,,
Overview of American Association of Professional Baseball teams,Kansas City Monarchs,West,Kansas City,,Legends Field,6537,,Kansas,,,,,
Overview of American Association of Professional Baseball teams,Lake Country DockHounds,East,Oconomowoc,,Wisconsin Brewing Company Park,3641,,Wisconsin,,,,,
Overview of American Association of Professional Baseball teams,Lincoln Saltdogs,West,Lincoln,,Haymarket Park,8486,,Nebraska,,,,,
Overview of American Association of Professional Baseball teams,Milwaukee Milkmen,East,Franklin,,Franklin Field,4000,,Wisconsin,,,,,
Overview of American Association of Professional Baseball teams,Sioux City Explorers,West,Sioux City,,Security National Bank Field at Lewis & Clark Park,3631,,Iowa,,,,,
Overview of American Association of Professional Baseball teams,Sioux Falls Canaries,West,Sioux Falls,,Sioux Falls Stadium,4500,,South Dakota,,,,,
Overview of American Association of Professional Baseball teams,Winnipeg Goldeyes,West,Winnipeg,,Blue Cross Park,7561,,Manitoba,,,,,
Overview of Atlantic League of Professional Baseball teams,Charleston Dirty Birds,South,Charleston,West Virginia,GoMart Ballpark,4500,,,,,,,
Overview of Atlantic League of Professional Baseball teams,Gastonia Ghost Peppers,South,Gastonia,North Carolina,CaroMont Health Park,5000,,,,,,,
Overview of Atlantic League of Professional Baseball teams,Hagerstown Flying Boxcars,North,Hagerstown,Maryland,Meritus Park,5500,,,,,,,
Overview of Atlantic League of Professional Baseball teams,High Point Rockers,South,High Point,North Carolina,Truist Point,8500,,,,,,,
Overview of Atlantic League of Professional Baseball teams,Lancaster Stormers,North,Lancaster,Pennsylvania,Penn Medicine Park,8000,,,,,,,
Overview of Atlantic League of Professional Baseball teams,Lexington Legends,South,Lexington,Kentucky,Legends Field,9994,,,,,,,
Overview of Atlantic League of Professional Baseball teams,Long Island Ducks,North,Central Islip,New York,Fairfield Properties Ballpark,8002,,,,,,,
Overview of Atlantic League of Professional Baseball teams,Southern Maryland Blue Crabs,South,Waldorf,Maryland,Regency Furniture Stadium,6200,,,,,,,
Overview of Atlantic League of Professional Baseball teams,Staten Island FerryHawks,North,Staten Island,New York,SIUH Community Park,8171,,,,,,,
Overview of Atlantic League of Professional Baseball teams,York Revolution,North,York,Pennsylvania,WellSpan Park,7500,,,,,,,
Overview of Frontier League teams,Brockton Rox,East,Brockton,,Campanelli Stadium,4750,,Massachusetts,,,,,
Overview of Frontier League teams,Down East Bird Dawgs,East,Kinston,,Grainger Stadium,3400,,North Carolina,,,,,
Overview of Frontier League teams,Evansville Otters,West,Evansville,,Bosse Field,5181,,Indiana,,,,,
Overview of Frontier League teams,Florence Y'alls,West,Florence,,Thomas More Stadium,4500,,Kentucky,,,,,
Overview of Frontier League teams,Gateway Grizzlies,West,Sauget,,Arsenal BG Ballpark,6000,,Illinois,,,,,
Overview of Frontier League teams,Joliet Slammers,West,Joliet,,Duly Health and Care Field,6016,,Illinois,,,,,
Overview of Frontier League teams,Lake Erie Crushers,West,Avon,,ForeFront Field,5000,,Ohio,,,,,
Overview of Frontier League teams,Mississippi Mud Monsters,West,Pearl,,Trustmark Park,6500,,Mississippi,,,,,
Overview of Frontier League teams,New Jersey Jackals,East,Paterson,,Hinchliffe Stadium,10000,,New Jersey,,,,,
Overview of Frontier League teams,New York Boulders,East,Pomona,,Clover Stadium,9362,,New York,,,,,
Overview of Frontier League teams,Ottawa Titans,East,Ottawa,,Ottawa Stadium,10332,,Ontario,,,,,
Overview of Frontier League teams,Québec Capitales,East,Quebec City,,Stade Canac,4297,,Quebec,,,,,
Overview of Frontier League teams,Schaumburg Boomers,West,Schaumburg,,Wintrust Field,7365,,Illinois,,,,,
Overview of Frontier League teams,Sussex County Miners,East,Augusta,,Skylands Stadium,5500,,New Jersey,,,,,
Overview of Frontier League teams,Tri-City ValleyCats,East,Troy,,Joseph L. Bruno Stadium,6500,,New York,,,,,
Overview of Frontier League teams,Trois-Rivières Aigles,East,Trois-Rivières,,Stade Quillorama,4000,,Quebec,,,,,
Overview of Frontier League teams,Washington Wild Things,West,Washington,,EQT Park,5200,,Pennsylvania,,,,,
Overview of Frontier League teams,Windy City ThunderBolts,West,Crestwood,,Ozinga Field,4200,,Illinois,,,,,
Overview of Pioneer League teams,Billings Mustangs,,Billings,Montana,Dehler Park,6500,,,,,,,
Overview of Pioneer League teams,Boise Hawks,,Boise,Idaho,Memorial Stadium,3452,,,,,,,
Overview of Pioneer League teams,Glacier Range Riders,,Kalispell,Montana,Glacier Bank Park,5500,,,,,,,
Overview of Pioneer League teams,Great Falls Voyagers,,Great Falls,Montana,Centene Stadium,2500,,,,,,,
Overview of Pioneer League teams,Idaho Falls Chukars,,Idaho Falls,Idaho,Melaleuca Field,3400,,,,,,,
Overview of Pioneer League teams,Long Beach Coast,,Long Beach,California,Blair Field,3238,,,,,,,
Overview of Pioneer League teams,Missoula PaddleHeads,,Missoula,Montana,Ogren Park at Allegiance Field,3500,,,,,,,
Overview of Pioneer League teams,Modesto Roadsters,,Modesto,California,John Thurman Field,4000,,,,,,,
Overview of Pioneer League teams,Oakland Ballers,,Oakland,California,Raimondi Park,2500,,,,,,,
Overview of Pioneer League teams,Ogden Raptors,,Ogden,Utah,Lindquist Field,8262,,,,,,,
Overview of Pioneer League teams,RedPocket Mobiles,,Traveling team,Traveling team,Traveling team,Traveling team,,,,,,,
Overview of Pioneer League teams,Yuba-Sutter Freebirds,,Marysville,California,Bryant Field,3500,,,,,,,
Overview of Canadian Baseball League teams,Barrie Baycats,,Springwater,,Athletic Kulture Stadium,,,,,,,Ontario,
Overview of Canadian Baseball League teams,Brantford Red Sox,,Brantford,,Arnold Anderson Stadium,,,,,,,Ontario,
Overview of Canadian Baseball League teams,Chatham-Kent Barnstormers,,Chatham-Kent,,Fergie Jenkins Field,,,,,,,Ontario,
Overview of Canadian Baseball League teams,Guelph Royals,,Guelph,,Hastings Stadium,,,,,,,Ontario,
Overview of Canadian Baseball League teams,Hamilton Cardinals,,Hamilton,,Bernie Arbour Memorial Stadium,,,,,,,Ontario,
Overview of Canadian Baseball League teams,Kitchener Panthers,,Kitchener,,Jack Couch Park,,,,,,,Ontario,
Overview of Canadian Baseball League teams,London Majors,,London,,Labatt Park,,,,,,,Ontario,
Overview of Canadian Baseball League teams,Toronto Maple Leafs,,Toronto,,Dominico Field,,,,,,,Ontario,
Overview of Canadian Baseball League teams,Welland Jackfish,,Welland,,Welland Stadium,,,,,,,Ontario,
Overview of Empire Professional Baseball League teams,Malone Border Hounds,,Malone,New York,American Legion Post 219 Veterans Field,,,,,,,,
Overview of Empire Professional Baseball League teams,North Country Thunderbirds,,Plattsburgh,New York,Chip Cummings Field,,,,,,,,
Overview of Empire Professional Baseball League teams,Saranac Lake Surge,,Saranac Lake,New York,Petrova Field,,,,,,,,
Overview of Empire Professional Baseball League teams,Tupper Lake Riverpigs,,Tupper Lake,New York,Municipal Park,,,,,,,,
Overview of Pecos League teams,Alpine Cowboys,Mountain,Alpine,Texas,Kokernot Field,,,,,,,,
Overview of Pecos League teams,Austin Weirdos,Mountain,Austin,Texas,Parque Zaragosa,,,,,,,,
Overview of Pecos League teams,Bakersfield Train Robbers,Pacific,Bakersfield,California,Sam Lynn Ballpark,,,,,,,,
Overview of Pecos League teams,Blackwell FlyCatchers,Mountain,Blackwell,Oklahoma,Morgan Field,,,,,,,,
Overview of Pecos League teams,Dublin Leprechauns,Pacific,Dublin,California,Fallon Sports Park,,,,,,,,
Overview of Pecos League teams,Garden City Wind,Mountain,Garden City,Kansas,Clint Lightner Field,,,,,,,,
Overview of Pecos League teams,Martinez Sturgeon,Pacific,Martinez,California,Waterfront Park,,,,,,,,
Overview of Pecos League teams,Marysville Drakes,Pacific,Marysville,California,Bryant Field,,,,,,,,
Overview of Pecos League teams,North Platte 80s,Mountain,North Platte,Nebraska,Bill Wood Field,,,,,,,,
Overview of Pecos League teams,Pecos Bills,Mountain,Pecos,Texas,Cyclone Ballpark,,,,,,,,
Overview of Pecos League teams,Roswell Invaders,Mountain,Roswell,New Mexico,Joe Baumann Park,,,,,,,,
Overview of Pecos League teams,San Rafael Pacifics,Pacific,San Rafael,California,Albert Park,,,,,,,,
Overview of Pecos League teams,Santa Fe Fuego,Mountain,Santa Fe,New Mexico,Fort Marcy Park,,,,,,,,
Overview of Pecos League teams,Trinidad Triggers,Mountain,Trinidad,Colorado,Central Park,,,,,,,,
Overview of Pecos League teams,Tucson Saguaros,Mountain,Tucson,Arizona,Kino Sports Complex,,,,,,,,
Overview of Pecos League teams,Vallejo Seaweed,Pacific,Vallejo,California,Wilson Park,,,,,,,,
Overview of United Shore Professional Baseball League teams,Birmingham Bloomfield Beavers,,Utica,Michigan,UWM Field,4500,,,,,,,
Overview of United Shore Professional Baseball League teams,Eastside Diamond Hoppers,,Utica,Michigan,UWM Field,4500,,,,,,,
Overview of United Shore Professional Baseball League teams,Utica Unicorns,,Utica,Michigan,UWM Field,4500,,,,,,,
Overview of United Shore Professional Baseball League teams,Westside Woolly Mammoths,,Utica,Michigan,UWM Field,4500,,,,,,,
Overview of United Shore Professional Baseball League teams,WPBL Boston,,Springfield,Illinois,Robin Roberts Stadium,5200,,,,,,,
Overview of United Shore Professional Baseball League teams,WPBL Los Angeles,,Springfield,Illinois,Robin Roberts Stadium,5200,,,,,,,
Overview of United Shore Professional Baseball League teams,WPBL New York,,Springfield,Illinois,Robin Roberts Stadium,5200,,,,,,,
Overview of United Shore Professional Baseball League teams,WPBL San Francisco,,Springfield,Illinois,Robin Roberts Stadium,5200,,,,,,,
