League,Source file,Team,Association,Division,Centre,City/Area,Arena,Founded,0,1,2,3,4,5,6,7,Head coach,Joined,City,Comments,Don Johnson - Jr B,1st Year,Titles,8,9,10,Home
Calgary Junior Hockey League,Calgary_Junior_Hockey_League.html,CBHA Hawks,Calgary Buffaloes Hockey Association,,,,,,,,,,,,,,,,,,,,,,,,
Calgary Junior Hockey League,Calgary_Junior_Hockey_League.html,CBHA Rangers,Calgary Buffaloes Hockey Association,,,,,,,,,,,,,,,,,,,,,,,,
Calgary Junior Hockey League,Calgary_Junior_Hockey_League.html,CNHA Gold,Calgary Northstars Hockey Association,,,,,,,,,,,,,,,,,,,,,,,,
Calgary Junior Hockey League,Calgary_Junior_Hockey_League.html,CNHA Black,Calgary Northstars Hockey Association,,,,,,,,,,,,,,,,,,,,,,,,
Calgary Junior Hockey League,Calgary_Junior_Hockey_League.html,CRAA Gold,Calgary Royals Athletic Association,,,,,,,,,,,,,,,,,,,,,,,,
Calgary Junior Hockey League,Calgary_Junior_Hockey_League.html,CRAA Blue,Calgary Royals Athletic Association,,,,,,,,,,,,,,,,,,,,,,,,
Calgary Junior Hockey League,Calgary_Junior_Hockey_League.html,NWCAA Bruins,Northwest Calgary Athletic Association,,,,,,,,,,,,,,,,,,,,,,,,
Calgary Junior Hockey League,Calgary_Junior_Hockey_League.html,NWCAA Stamps,Northwest Calgary Athletic Association,,,,,,,,,,,,,,,,,,,,,,,,
Capital Junior Hockey League,Capital_Junior_Hockey_League.html,Beaumont Chiefs,,East,Beaumont,,,,,,,,,,,,,,,,,,,,,,
Capital Junior Hockey League,Capital_Junior_Hockey_League.html,Edmonton Royals,,East,Edmonton,,,,,,,,,,,,,,,,,,,,,,
Capital Junior Hockey League,Capital_Junior_Hockey_League.html,Fort Saskatchewan Hawks,,East,Fort Saskatchewan,,,,,,,,,,,,,,,,,,,,,,
Capital Junior Hockey League,Capital_Junior_Hockey_League.html,Leduc Riggers,,East,Leduc,,,,,,,,,,,,,,,,,,,,,,
Capital Junior Hockey League,Capital_Junior_Hockey_League.html,Sherwood Park Knights,,East,Sherwood Park,,,,,,,,,,,,,,,,,,,,,,
Capital Junior Hockey League,Capital_Junior_Hockey_League.html,Strathcona Bruins,,East,Strathcona County,,,,,,,,,,,,,,,,,,,,,,
Capital Junior Hockey League,Capital_Junior_Hockey_League.html,Wetaskiwin Icemen,,East,Wetaskiwin,,,,,,,,,,,,,,,,,,,,,,
Capital Junior Hockey League,Capital_Junior_Hockey_League.html,Beverly Warriors,,West,Edmonton,,,,,,,,,,,,,,,,,,,,,,
Capital Junior Hockey League,Capital_Junior_Hockey_League.html,Edmonton Mustangs,,West,Edmonton,,,,,,,,,,,,,,,,,,,,,,
Capital Junior Hockey League,Capital_Junior_Hockey_League.html,Morinville Jets,,West,Morinville,,,,,,,,,,,,,,,,,,,,,,
Capital Junior Hockey League,Capital_Junior_Hockey_League.html,North Edmonton Red Wings,,West,Edmonton,,,,,,,,,,,,,,,,,,,,,,
Capital Junior Hockey League,Capital_Junior_Hockey_League.html,Spruce Grove Regals,,West,Spruce Grove,,,,,,,,,,,,,,,,,,,,,,
Capital Junior Hockey League,Capital_Junior_Hockey_League.html,St. Albert Merchants,,West,St. Albert,,,,,,,,,,,,,,,,,,,,,,
Capital Junior Hockey League,Capital_Junior_Hockey_League.html,Stony Plain Flyers,,West,Stony Plain,,,,,,,,,,,,,,,,,,,,,,
Capital Region Junior Hockey League,Capital_Region_Junior_Hockey_League.html,Arborg Ice Dawgs,,,,Arborg,Arborg & District Arena,2006,,,,,,,,,,,,,,,,,,,
Capital Region Junior Hockey League,Capital_Region_Junior_Hockey_League.html,Beausejour Comets,,,,Beausejour,Beausejour Sportsplex,2022,,,,,,,,,,,,,,,,,,,
Capital Region Junior Hockey League,Capital_Region_Junior_Hockey_League.html,La Broquerie Habs,,,,La Broquerie,HyLife Centre,2024,,,,,,,,,,,,,,,,,,,
Capital Region Junior Hockey League,Capital_Region_Junior_Hockey_League.html,Lundar Falcons,,,,Lundar,Lundar Arena,2010,,,,,,,,,,,,,,,,,,,
Capital Region Junior Hockey League,Capital_Region_Junior_Hockey_League.html,North Winnipeg Satelites,,,,Inkster East Neighbourhood,Billy Mosienko Arena,1980,,,,,,,,,,,,,,,,,,,
Capital Region Junior Hockey League,Capital_Region_Junior_Hockey_League.html,Selkirk Fishermen,,,,Selkirk,Selkirk Recreation Complex,1917,,,,,,,,,,,,,,,,,,,
Capital Region Junior Hockey League,Capital_Region_Junior_Hockey_League.html,St. Malo Warriors,,,,St. Malo,St. Malo Arena,1993,,,,,,,,,,,,,,,,,,,
Capitale Junior AA Hockey League,Capitale_Junior_AA_Hockey_League.html,,,,,,,,,"Team Centre Champlain College Cougars Quebec City, Quebec Charlevoix Montagnards Baie-Saint-Paul, Quebec MRC Portneuf Tomahawks Portneuf, Quebec Montmorency Armada Charlesbourg, Quebec Montmorency Battalion Charlesbourg, Quebec Québec-Ouest Gouverneurs Sainte-Foy, Quebec Québec-Ouest Noroîts Sainte-Foy, Quebec Quebec Maurice Frontenac, Québec",,,,,,,,,,,,,,,,,
Capitale Junior AA Hockey League,Capitale_Junior_AA_Hockey_League.html,,,,,,,,Team,Centre,,,,,,,,,,,,,,,,,
Capitale Junior AA Hockey League,Capitale_Junior_AA_Hockey_League.html,,,,,,,,Champlain College Cougars,"Quebec City, Quebec",,,,,,,,,,,,,,,,,
Capitale Junior AA Hockey League,Capitale_Junior_AA_Hockey_League.html,,,,,,,,Charlevoix Montagnards,"Baie-Saint-Paul, Quebec",,,,,,,,,,,,,,,,,
Capitale Junior AA Hockey League,Capitale_Junior_AA_Hockey_League.html,,,,,,,,MRC Portneuf Tomahawks,"Portneuf, Quebec",,,,,,,,,,,,,,,,,
Capitale Junior AA Hockey League,Capitale_Junior_AA_Hockey_League.html,,,,,,,,Montmorency Armada,"Charlesbourg, Quebec",,,,,,,,,,,,,,,,,
Capitale Junior AA Hockey League,Capitale_Junior_AA_Hockey_League.html,,,,,,,,Montmorency Battalion,"Charlesbourg, Quebec",,,,,,,,,,,,,,,,,
Capitale Junior AA Hockey League,Capitale_Junior_AA_Hockey_League.html,,,,,,,,Québec-Ouest Gouverneurs,"Sainte-Foy, Quebec",,,,,,,,,,,,,,,,,
Capitale Junior AA Hockey League,Capitale_Junior_AA_Hockey_League.html,,,,,,,,Québec-Ouest Noroîts,"Sainte-Foy, Quebec",,,,,,,,,,,,,,,,,
Capitale Junior AA Hockey League,Capitale_Junior_AA_Hockey_League.html,,,,,,,,Quebec Maurice,"Frontenac, Québec",,,,,,,,,,,,,,,,,
Capitale Junior AA Hockey League,Capitale_Junior_AA_Hockey_League.html,,,,,,,,Team,Centre,,,,,,,,,,,,,,,,,
Capitale Junior AA Hockey League,Capitale_Junior_AA_Hockey_League.html,,,,,,,,Champlain College Cougars,"Quebec City, Quebec",,,,,,,,,,,,,,,,,
Capitale Junior AA Hockey League,Capitale_Junior_AA_Hockey_League.html,,,,,,,,Charlevoix Montagnards,"Baie-Saint-Paul, Quebec",,,,,,,,,,,,,,,,,
Capitale Junior AA Hockey League,Capitale_Junior_AA_Hockey_League.html,,,,,,,,MRC Portneuf Tomahawks,"Portneuf, Quebec",,,,,,,,,,,,,,,,,
Capitale Junior AA Hockey League,Capitale_Junior_AA_Hockey_League.html,,,,,,,,Montmorency Armada,"Charlesbourg, Quebec",,,,,,,,,,,,,,,,,
Capitale Junior AA Hockey League,Capitale_Junior_AA_Hockey_League.html,,,,,,,,Montmorency Battalion,"Charlesbourg, Quebec",,,,,,,,,,,,,,,,,
Capitale Junior AA Hockey League,Capitale_Junior_AA_Hockey_League.html,,,,,,,,Québec-Ouest Gouverneurs,"Sainte-Foy, Quebec",,,,,,,,,,,,,,,,,
Capitale Junior AA Hockey League,Capitale_Junior_AA_Hockey_League.html,,,,,,,,Québec-Ouest Noroîts,"Sainte-Foy, Quebec",,,,,,,,,,,,,,,,,
Capitale Junior AA Hockey League,Capitale_Junior_AA_Hockey_League.html,,,,,,,,Quebec Maurice,"Frontenac, Québec",,,,,,,,,,,,,,,,,
Chaudiere-Appalaches Junior AA Hockey League,Chaudiere-Appalaches_Junior_AA_Hockey_League.html,,,,,,,,,"Chaudiere Division Team Centre St-Georges Assurancia Saint-Georges, Quebec Beauce-Centre Bulldogs Saint-Joseph-de-Beauce, Quebec Disraeli Cité Construction Disraeli, Quebec Plessisville Boutin Express Plessisville, Québec Ste-Marie Beaucerons Sainte-Marie, Quebec Appalaches Division Team Centre Bellechasse Lafontaine Saint-Anselme, Quebec Levis Levy Honda Lévis, Quebec Lotbiniere Model Saint-Agapit, Quebec Montmagny Caron Industries Montmagny, Quebec St-Romuald L'Expert Lévis, Quebec",,,,,,,,,,,,,,,,,
Chaudiere-Appalaches Junior AA Hockey League,Chaudiere-Appalaches_Junior_AA_Hockey_League.html,,,,,,,,Chaudiere Division,Chaudiere Division,,,,,,,,,,,,,,,,,
Chaudiere-Appalaches Junior AA Hockey League,Chaudiere-Appalaches_Junior_AA_Hockey_League.html,,,,,,,,Team,Centre,,,,,,,,,,,,,,,,,
Chaudiere-Appalaches Junior AA Hockey League,Chaudiere-Appalaches_Junior_AA_Hockey_League.html,,,,,,,,St-Georges Assurancia,"Saint-Georges, Quebec",,,,,,,,,,,,,,,,,
Chaudiere-Appalaches Junior AA Hockey League,Chaudiere-Appalaches_Junior_AA_Hockey_League.html,,,,,,,,Beauce-Centre Bulldogs,"Saint-Joseph-de-Beauce, Quebec",,,,,,,,,,,,,,,,,
Chaudiere-Appalaches Junior AA Hockey League,Chaudiere-Appalaches_Junior_AA_Hockey_League.html,,,,,,,,Disraeli Cité Construction,"Disraeli, Quebec",,,,,,,,,,,,,,,,,
Chaudiere-Appalaches Junior AA Hockey League,Chaudiere-Appalaches_Junior_AA_Hockey_League.html,,,,,,,,Plessisville Boutin Express,"Plessisville, Québec",,,,,,,,,,,,,,,,,
Chaudiere-Appalaches Junior AA Hockey League,Chaudiere-Appalaches_Junior_AA_Hockey_League.html,,,,,,,,Ste-Marie Beaucerons,"Sainte-Marie, Quebec",,,,,,,,,,,,,,,,,
Chaudiere-Appalaches Junior AA Hockey League,Chaudiere-Appalaches_Junior_AA_Hockey_League.html,,,,,,,,Appalaches Division,Appalaches Division,,,,,,,,,,,,,,,,,
Chaudiere-Appalaches Junior AA Hockey League,Chaudiere-Appalaches_Junior_AA_Hockey_League.html,,,,,,,,Team,Centre,,,,,,,,,,,,,,,,,
Chaudiere-Appalaches Junior AA Hockey League,Chaudiere-Appalaches_Junior_AA_Hockey_League.html,,,,,,,,Bellechasse Lafontaine,"Saint-Anselme, Quebec",,,,,,,,,,,,,,,,,
Chaudiere-Appalaches Junior AA Hockey League,Chaudiere-Appalaches_Junior_AA_Hockey_League.html,,,,,,,,Levis Levy Honda,"Lévis, Quebec",,,,,,,,,,,,,,,,,
Chaudiere-Appalaches Junior AA Hockey League,Chaudiere-Appalaches_Junior_AA_Hockey_League.html,,,,,,,,Lotbiniere Model,"Saint-Agapit, Quebec",,,,,,,,,,,,,,,,,
Chaudiere-Appalaches Junior AA Hockey League,Chaudiere-Appalaches_Junior_AA_Hockey_League.html,,,,,,,,Montmagny Caron Industries,"Montmagny, Quebec",,,,,,,,,,,,,,,,,
Chaudiere-Appalaches Junior AA Hockey League,Chaudiere-Appalaches_Junior_AA_Hockey_League.html,,,,,,,,St-Romuald L'Expert,"Lévis, Quebec",,,,,,,,,,,,,,,,,
Chaudiere-Appalaches Junior AA Hockey League,Chaudiere-Appalaches_Junior_AA_Hockey_League.html,,,,,,,,Chaudiere Division,Chaudiere Division,,,,,,,,,,,,,,,,,
Chaudiere-Appalaches Junior AA Hockey League,Chaudiere-Appalaches_Junior_AA_Hockey_League.html,,,,,,,,Team,Centre,,,,,,,,,,,,,,,,,
Chaudiere-Appalaches Junior AA Hockey League,Chaudiere-Appalaches_Junior_AA_Hockey_League.html,,,,,,,,St-Georges Assurancia,"Saint-Georges, Quebec",,,,,,,,,,,,,,,,,
Chaudiere-Appalaches Junior AA Hockey League,Chaudiere-Appalaches_Junior_AA_Hockey_League.html,,,,,,,,Beauce-Centre Bulldogs,"Saint-Joseph-de-Beauce, Quebec",,,,,,,,,,,,,,,,,
Chaudiere-Appalaches Junior AA Hockey League,Chaudiere-Appalaches_Junior_AA_Hockey_League.html,,,,,,,,Disraeli Cité Construction,"Disraeli, Quebec",,,,,,,,,,,,,,,,,
Chaudiere-Appalaches Junior AA Hockey League,Chaudiere-Appalaches_Junior_AA_Hockey_League.html,,,,,,,,Plessisville Boutin Express,"Plessisville, Québec",,,,,,,,,,,,,,,,,
Chaudiere-Appalaches Junior AA Hockey League,Chaudiere-Appalaches_Junior_AA_Hockey_League.html,,,,,,,,Ste-Marie Beaucerons,"Sainte-Marie, Quebec",,,,,,,,,,,,,,,,,
Chaudiere-Appalaches Junior AA Hockey League,Chaudiere-Appalaches_Junior_AA_Hockey_League.html,,,,,,,,Appalaches Division,Appalaches Division,,,,,,,,,,,,,,,,,
Chaudiere-Appalaches Junior AA Hockey League,Chaudiere-Appalaches_Junior_AA_Hockey_League.html,,,,,,,,Team,Centre,,,,,,,,,,,,,,,,,
Chaudiere-Appalaches Junior AA Hockey League,Chaudiere-Appalaches_Junior_AA_Hockey_League.html,,,,,,,,Bellechasse Lafontaine,"Saint-Anselme, Quebec",,,,,,,,,,,,,,,,,
Chaudiere-Appalaches Junior AA Hockey League,Chaudiere-Appalaches_Junior_AA_Hockey_League.html,,,,,,,,Levis Levy Honda,"Lévis, Quebec",,,,,,,,,,,,,,,,,
Chaudiere-Appalaches Junior AA Hockey League,Chaudiere-Appalaches_Junior_AA_Hockey_League.html,,,,,,,,Lotbiniere Model,"Saint-Agapit, Quebec",,,,,,,,,,,,,,,,,
Chaudiere-Appalaches Junior AA Hockey League,Chaudiere-Appalaches_Junior_AA_Hockey_League.html,,,,,,,,Montmagny Caron Industries,"Montmagny, Quebec",,,,,,,,,,,,,,,,,
Chaudiere-Appalaches Junior AA Hockey League,Chaudiere-Appalaches_Junior_AA_Hockey_League.html,,,,,,,,St-Romuald L'Expert,"Lévis, Quebec",,,,,,,,,,,,,,,,,
Eastern Ontario Junior Hockey League,Eastern_Ontario_Junior_Hockey_League.html,,,,,,,,Martin Division,Martin Division,Martin Division,Martin Division,Martin Division,Martin Division,Martin Division,Martin Division,,,,,,,,,,,
Eastern Ontario Junior Hockey League,Eastern_Ontario_Junior_Hockey_League.html,,,,,,,,Team,Centre,Founded,CCHL Affiliate,,,,,,,,,,,,,,,
Eastern Ontario Junior Hockey League,Eastern_Ontario_Junior_Hockey_League.html,,,,,,,,Casselman Vikings,Casselman,2008,,,,,,,,,,,,,,,,
Eastern Ontario Junior Hockey League,Eastern_Ontario_Junior_Hockey_League.html,,,,,,,,Embrun Panthers,Embrun,1972,,,,,,,,,,,,,,,,
Eastern Ontario Junior Hockey League,Eastern_Ontario_Junior_Hockey_League.html,,,,,,,,Glengarry Brigade,Alexandria,2024,,,,,,,,,,,,,,,,
Eastern Ontario Junior Hockey League,Eastern_Ontario_Junior_Hockey_League.html,,,,,,,,Ottawa Canadians,Ottawa,1973,Ottawa Jr. Senators,,,,,,,,,,,,,,,
Eastern Ontario Junior Hockey League,Eastern_Ontario_Junior_Hockey_League.html,,,,,,,,Ottawa West Golden Knights,Ottawa,1983,Nepean Raiders,,,,,,,,,,,,,,,
Eastern Ontario Junior Hockey League,Eastern_Ontario_Junior_Hockey_League.html,,,,,,,,Winchester Hawks,Winchester,1971,Nepean Raiders,,,,,,,,,,,,,,,
Eastern Ontario Junior Hockey League,Eastern_Ontario_Junior_Hockey_League.html,,,,,,,,Richardson Division,Richardson Division,Richardson Division,Richardson Division,Richardson Division,Richardson Division,Richardson Division,Richardson Division,,,,,,,,,,,
Eastern Ontario Junior Hockey League,Eastern_Ontario_Junior_Hockey_League.html,,,,,,,,Team,Centre,Founded,CCHL Affiliate,,,,,,,,,,,,,,,
Eastern Ontario Junior Hockey League,Eastern_Ontario_Junior_Hockey_League.html,,,,,,,,Arnprior Packers,Arnprior,1965,,,,,,,,,,,,,,,,
Eastern Ontario Junior Hockey League,Eastern_Ontario_Junior_Hockey_League.html,,,,,,,,Athens Aeros,Athens,1968,,,,,,,,,,,,,,,,
Eastern Ontario Junior Hockey League,Eastern_Ontario_Junior_Hockey_League.html,,,,,,,,Carleton Place Jr. Canadians,Carleton Place,1980,Carleton Place Canadians,,,,,,,,,,,,,,,
Eastern Ontario Junior Hockey League,Eastern_Ontario_Junior_Hockey_League.html,,,,,,,,Perth Blue Wings,Perth,1936,,,,,,,,,,,,,,,,
Eastern Ontario Junior Hockey League,Eastern_Ontario_Junior_Hockey_League.html,,,,,,,,Richmond Royals,Ottawa,1968,,,,,,,,,,,,,,,,
Eastern Ontario Junior Hockey League,Eastern_Ontario_Junior_Hockey_League.html,,,,,,,,Smiths Falls Jr. Bears,Smiths Falls,1967,Smiths Falls Bears,,,,,,,,,,,,,,,
Eastern Ontario Junior Hockey League,Eastern_Ontario_Junior_Hockey_League.html,,,,,,,,Renfrew Timberwolves,Renfrew,1987,,,,,,,,,,,,,,,,
Estrie-Mauricie Junior AA Hockey League,Estrie-Mauricie_Junior_AA_Hockey_League.html,,,,,,,,,"Estrie Division Team Centre Acton Vale Airboss Acton, Quebec Cowansville Nordik Cowansville, Quebec Sherbrooke Hockey Experts Sherbrooke, Quebec Sherbrooke Impact Sherbrooke, Quebec Mauricie Division Team Centre Nicolet Pneu Jutras Nicolet, Quebec Plessisville V. Boutin Plessisville, Quebec St-Tite Mustangs Saint-Tite, Quebec Trois-Rivieres Draveurs Trois-Rivieres, Quebec",,,,,,,,,,,,,,,,,
Estrie-Mauricie Junior AA Hockey League,Estrie-Mauricie_Junior_AA_Hockey_League.html,,,,,,,,Estrie Division,Estrie Division,,,,,,,,,,,,,,,,,
Estrie-Mauricie Junior AA Hockey League,Estrie-Mauricie_Junior_AA_Hockey_League.html,,,,,,,,Team,Centre,,,,,,,,,,,,,,,,,
Estrie-Mauricie Junior AA Hockey League,Estrie-Mauricie_Junior_AA_Hockey_League.html,,,,,,,,Acton Vale Airboss,"Acton, Quebec",,,,,,,,,,,,,,,,,
Estrie-Mauricie Junior AA Hockey League,Estrie-Mauricie_Junior_AA_Hockey_League.html,,,,,,,,Cowansville Nordik,"Cowansville, Quebec",,,,,,,,,,,,,,,,,
Estrie-Mauricie Junior AA Hockey League,Estrie-Mauricie_Junior_AA_Hockey_League.html,,,,,,,,Sherbrooke Hockey Experts,"Sherbrooke, Quebec",,,,,,,,,,,,,,,,,
Estrie-Mauricie Junior AA Hockey League,Estrie-Mauricie_Junior_AA_Hockey_League.html,,,,,,,,Sherbrooke Impact,"Sherbrooke, Quebec",,,,,,,,,,,,,,,,,
Estrie-Mauricie Junior AA Hockey League,Estrie-Mauricie_Junior_AA_Hockey_League.html,,,,,,,,Mauricie Division,Mauricie Division,,,,,,,,,,,,,,,,,
Estrie-Mauricie Junior AA Hockey League,Estrie-Mauricie_Junior_AA_Hockey_League.html,,,,,,,,Team,Centre,,,,,,,,,,,,,,,,,
Estrie-Mauricie Junior AA Hockey League,Estrie-Mauricie_Junior_AA_Hockey_League.html,,,,,,,,Nicolet Pneu Jutras,"Nicolet, Quebec",,,,,,,,,,,,,,,,,
Estrie-Mauricie Junior AA Hockey League,Estrie-Mauricie_Junior_AA_Hockey_League.html,,,,,,,,Plessisville V. Boutin,"Plessisville, Quebec",,,,,,,,,,,,,,,,,
Estrie-Mauricie Junior AA Hockey League,Estrie-Mauricie_Junior_AA_Hockey_League.html,,,,,,,,St-Tite Mustangs,"Saint-Tite, Quebec",,,,,,,,,,,,,,,,,
Estrie-Mauricie Junior AA Hockey League,Estrie-Mauricie_Junior_AA_Hockey_League.html,,,,,,,,Trois-Rivieres Draveurs,"Trois-Rivieres, Quebec",,,,,,,,,,,,,,,,,
Estrie-Mauricie Junior AA Hockey League,Estrie-Mauricie_Junior_AA_Hockey_League.html,,,,,,,,Estrie Division,Estrie Division,,,,,,,,,,,,,,,,,
Estrie-Mauricie Junior AA Hockey League,Estrie-Mauricie_Junior_AA_Hockey_League.html,,,,,,,,Team,Centre,,,,,,,,,,,,,,,,,
Estrie-Mauricie Junior AA Hockey League,Estrie-Mauricie_Junior_AA_Hockey_League.html,,,,,,,,Acton Vale Airboss,"Acton, Quebec",,,,,,,,,,,,,,,,,
Estrie-Mauricie Junior AA Hockey League,Estrie-Mauricie_Junior_AA_Hockey_League.html,,,,,,,,Cowansville Nordik,"Cowansville, Quebec",,,,,,,,,,,,,,,,,
Estrie-Mauricie Junior AA Hockey League,Estrie-Mauricie_Junior_AA_Hockey_League.html,,,,,,,,Sherbrooke Hockey Experts,"Sherbrooke, Quebec",,,,,,,,,,,,,,,,,
Estrie-Mauricie Junior AA Hockey League,Estrie-Mauricie_Junior_AA_Hockey_League.html,,,,,,,,Sherbrooke Impact,"Sherbrooke, Quebec",,,,,,,,,,,,,,,,,
Estrie-Mauricie Junior AA Hockey League,Estrie-Mauricie_Junior_AA_Hockey_League.html,,,,,,,,Mauricie Division,Mauricie Division,,,,,,,,,,,,,,,,,
Estrie-Mauricie Junior AA Hockey League,Estrie-Mauricie_Junior_AA_Hockey_League.html,,,,,,,,Team,Centre,,,,,,,,,,,,,,,,,
Estrie-Mauricie Junior AA Hockey League,Estrie-Mauricie_Junior_AA_Hockey_League.html,,,,,,,,Nicolet Pneu Jutras,"Nicolet, Quebec",,,,,,,,,,,,,,,,,
Estrie-Mauricie Junior AA Hockey League,Estrie-Mauricie_Junior_AA_Hockey_League.html,,,,,,,,Plessisville V. Boutin,"Plessisville, Quebec",,,,,,,,,,,,,,,,,
Estrie-Mauricie Junior AA Hockey League,Estrie-Mauricie_Junior_AA_Hockey_League.html,,,,,,,,St-Tite Mustangs,"Saint-Tite, Quebec",,,,,,,,,,,,,,,,,
Estrie-Mauricie Junior AA Hockey League,Estrie-Mauricie_Junior_AA_Hockey_League.html,,,,,,,,Trois-Rivieres Draveurs,"Trois-Rivieres, Quebec",,,,,,,,,,,,,,,,,
Greater Ontario Junior Hockey League,Greater_Ontario_Junior_Hockey_League.html,,,,,,,,Western Conference,Western Conference,Western Conference,Western Conference,Western Conference,Western Conference,Western Conference,,,,,,,,,,,,
Greater Ontario Junior Hockey League,Greater_Ontario_Junior_Hockey_League.html,,,,,,,,Team,City,Arena,Founded,,,,,,,,,,,,,,,
Greater Ontario Junior Hockey League,Greater_Ontario_Junior_Hockey_League.html,,,,,,,,Chatham Maroons,"Chatham, Ontario",Chatham Memorial Arena,1959,,,,,,,,,,,,,,,
Greater Ontario Junior Hockey League,Greater_Ontario_Junior_Hockey_League.html,,,,,,,,Elmira Sugar Kings,"Elmira, Ontario",Woolwich Memorial Centre,1987,,,,,,,,,,,,,,,
Greater Ontario Junior Hockey League,Greater_Ontario_Junior_Hockey_League.html,,,,,,,,Waterloo Siskins,"Waterloo, Ontario",Waterloo Memorial Recreation Complex,1971,,,,,,,,,,,,,,,
Greater Ontario Junior Hockey League,Greater_Ontario_Junior_Hockey_League.html,,,,,,,,Komoka Kings,"Komoka, Ontario",Komoka Wellness Centre,2017,,,,,,,,,,,,,,,
Greater Ontario Junior Hockey League,Greater_Ontario_Junior_Hockey_League.html,,,,,,,,LaSalle Vipers,"LaSalle, Ontario",Vollmer Culture and Recreation Complex,1970,,,,,,,,,,,,,,,
Greater Ontario Junior Hockey League,Greater_Ontario_Junior_Hockey_League.html,,,,,,,,Listowel Cyclones,"Listowel, Ontario",Steve Kerr Memorial Complex,1972,,,,,,,,,,,,,,,
Greater Ontario Junior Hockey League,Greater_Ontario_Junior_Hockey_League.html,,,,,,,,London Nationals,"London, Ontario",Western Fair District Sports Centre,1950,,,,,,,,,,,,,,,
Greater Ontario Junior Hockey League,Greater_Ontario_Junior_Hockey_League.html,,,,,,,,Sarnia Legionnaires,"Sarnia, Ontario",Pat Stapleton Arena,1969,,,,,,,,,,,,,,,
Greater Ontario Junior Hockey League,Greater_Ontario_Junior_Hockey_League.html,,,,,,,,St. Marys Lincolns,"St. Marys, Ontario",Pyramid Recreation Complex,1956,,,,,,,,,,,,,,,
Greater Ontario Junior Hockey League,Greater_Ontario_Junior_Hockey_League.html,,,,,,,,St. Thomas Stars,"St. Thomas, Ontario",Joe Thornton Community Centre,1961,,,,,,,,,,,,,,,
Greater Ontario Junior Hockey League,Greater_Ontario_Junior_Hockey_League.html,,,,,,,,Stratford Warriors,"Stratford, Ontario",William Allman Memorial Arena,1962,,,,,,,,,,,,,,,
Greater Ontario Junior Hockey League,Greater_Ontario_Junior_Hockey_League.html,,,,,,,,Strathroy Rockets,"Strathroy, Ontario",West Middlesex Memorial Arena,1965,,,,,,,,,,,,,,,
Greater Ontario Junior Hockey League,Greater_Ontario_Junior_Hockey_League.html,,,,,,,,Eastern Conference,Eastern Conference,Eastern Conference,Eastern Conference,Eastern Conference,Eastern Conference,Eastern Conference,,,,,,,,,,,,
Greater Ontario Junior Hockey League,Greater_Ontario_Junior_Hockey_League.html,,,,,,,,Team,City,Arena,Founded,,,,,,,,,,,,,,,
Greater Ontario Junior Hockey League,Greater_Ontario_Junior_Hockey_League.html,,,,,,,,Ayr Centennials,"Ayr, Ontario",North Dumfries Community Complex,2020,,,,,,,,,,,,,,,
Greater Ontario Junior Hockey League,Greater_Ontario_Junior_Hockey_League.html,,,,,,,,Brantford Titans,"Brantford, Ontario",Wayne Gretzky Sports Centre,2013,,,,,,,,,,,,,,,
Greater Ontario Junior Hockey League,Greater_Ontario_Junior_Hockey_League.html,,,,,,,,Caledon Bombers,"Caledon, Ontario",Mayfield Arena,2020,,,,,,,,,,,,,,,
Greater Ontario Junior Hockey League,Greater_Ontario_Junior_Hockey_League.html,,,,,,,,Caledonia Corvairs,"Caledonia, Ontario",Haldimand County Caledonia Centre,1970,,,,,,,,,,,,,,,
Greater Ontario Junior Hockey League,Greater_Ontario_Junior_Hockey_League.html,,,,,,,,Cambridge Redhawks,"Cambridge, Ontario",Galt Arena Gardens,2018,,,,,,,,,,,,,,,
Greater Ontario Junior Hockey League,Greater_Ontario_Junior_Hockey_League.html,,,,,,,,Fort Erie Meteors,"Fort Erie, Ontario",Fort Erie Leisureplex,1957,,,,,,,,,,,,,,,
Greater Ontario Junior Hockey League,Greater_Ontario_Junior_Hockey_League.html,,,,,,,,Hamilton Steel,"Hamilton, Ontario",Dave Andreychuk Mountain Arena & Skating Centre,1974,,,,,,,,,,,,,,,
Greater Ontario Junior Hockey League,Greater_Ontario_Junior_Hockey_League.html,,,,,,,,Pelham Panthers,"Pelham, Ontario",Meridian Community Centre,2014,,,,,,,,,,,,,,,
Greater Ontario Junior Hockey League,Greater_Ontario_Junior_Hockey_League.html,,,,,,,,Port Colborne Sailors,"Port Colborne, Ontario",Vale Centre,1963,,,,,,,,,,,,,,,
Greater Ontario Junior Hockey League,Greater_Ontario_Junior_Hockey_League.html,,,,,,,,St. Catharines Falcons,"St. Catharines, Ontario",Seymour-Hannah Sports and Entertainment Centre,1968,,,,,,,,,,,,,,,
Greater Ontario Junior Hockey League,Greater_Ontario_Junior_Hockey_League.html,,,,,,,,Welland Jr. Canadians,"Welland, Ontario",Welland Arena,1975,,,,,,,,,,,,,,,
Heritage Junior B Hockey League,Heritage_Junior_B_Hockey_League.html,Airdrie Thunder,,,Ron Ebbesen Twin Arena,,,,,,,,,,,,,,,,,,,,,,
Heritage Junior B Hockey League,Heritage_Junior_B_Hockey_League.html,Mountainview Colts,,,Didsbury Memorial Complex Arena,,,,,,,,,,,,,,,,,,,,,,
Heritage Junior B Hockey League,Heritage_Junior_B_Hockey_League.html,Ponoka Stampeders,,,Ponoka Arena Complex,,,,,,,,,,,,,,,,,,,,,,
Heritage Junior B Hockey League,Heritage_Junior_B_Hockey_League.html,Red Deer Vipers,,,Servus Arena,,,,,,,,,,,,,,,,,,,,,,
Heritage Junior B Hockey League,Heritage_Junior_B_Hockey_League.html,Rimbey Royals,,,Vern Poffenroth Memorial Arena,,,,,,,,,,,,,,,,,,,,,,
Heritage Junior B Hockey League,Heritage_Junior_B_Hockey_League.html,Rocky Rams,,,Rocky Arena Complex,,,,,,,,,,,,,,,,,,,,,,
Heritage Junior B Hockey League,Heritage_Junior_B_Hockey_League.html,Sylvan Lake Wranglers,,,Nexsource Centre,,,,,,,,,,,,,,,,,,,,,,
Heritage Junior B Hockey League,Heritage_Junior_B_Hockey_League.html,Coaldale Copperheads,,,Coaldale Sportsplex,,,,,,,,,,,,,,,,,,,,,,
Heritage Junior B Hockey League,Heritage_Junior_B_Hockey_League.html,Cochrane Generals,,,SLS Centre,,,,,,,,,,,,,,,,,,,,,,
Heritage Junior B Hockey League,Heritage_Junior_B_Hockey_League.html,High River Flyers,,,Bob Snodgrass Arena,,,,,,,,,,,,,,,,,,,,,,
Heritage Junior B Hockey League,Heritage_Junior_B_Hockey_League.html,Medicine Hat Cubs,,,Kinplex Arena,,,,,,,,,,,,,,,,,,,,,,
Heritage Junior B Hockey League,Heritage_Junior_B_Hockey_League.html,Okotoks Bisons,,,Murray Arena,,,,,,,,,,,,,,,,,,,,,,
Heritage Junior B Hockey League,Heritage_Junior_B_Hockey_League.html,Strathmore Wheatland Kings,,,Strathmore Family Centre Arena,,,,,,,,,,,,,,,,,,,,,,
Island Junior Hockey League,Island_Junior_Hockey_League.html,,,,,,,,Team,Centre,Joined,,,,,,,,,,,,,,,,
Island Junior Hockey League,Island_Junior_Hockey_League.html,,,,,,,,Kensington Vipers,Kensington,1998,,,,,,,,,,,,,,,,
Keystone Junior Hockey League,Keystone_Junior_Hockey_League.html,Cross Lake Islanders,,,,Cross Lake,Cross Lake Sports Complex,2006,,,,,,,,,Jeff Monias,,,,,,,,,,
Keystone Junior Hockey League,Keystone_Junior_Hockey_League.html,NCN Flames,,,,Nelson House,Gilbert McDonald Arena,2019,,,,,,,,,Alex Primrose,,,,,,,,,,
Keystone Junior Hockey League,Keystone_Junior_Hockey_League.html,Norway House North Stars,,,,Norway House,Kinosao Sipi Multiplex,2004,,,,,,,,,Skyler Tait-Reaume,,,,,,,,,,
Keystone Junior Hockey League,Keystone_Junior_Hockey_League.html,OCN Storm,,,,Opaskwayak Cree Nation,Gordon Lathlin Memorial Centre,2012,,,,,,,,,Marcel Fontaine,,,,,,,,,,
Keystone Junior Hockey League,Keystone_Junior_Hockey_League.html,Peguis Juniors,,,,Peguis,Peguis Multiplex,1994,,,,,,,,,Marty Favel,,,,,,,,,,
Lac St-Louis Junior AA Hockey League,Lac_St-Louis_Junior_AA_Hockey_League.html,,,,,,,,,"Team Centre Pierrefonds Barracudas Pierrefonds, Quebec Dollard-des-Ormeaux Vipers Dollard-des-Ormeaux, Quebec Lakeshore Panthers Kirkland, Quebec Trois-Lacs Aigles Vaudreuil, Quebec Trois Cités Phoenix Ville Saint-Laurent, Quebec West Island Royals Dorval, Quebec Beauval Étoiles Valleyfield, Quebec",,,,,,,,,,,,,,,,,
Lac St-Louis Junior AA Hockey League,Lac_St-Louis_Junior_AA_Hockey_League.html,,,,,,,,Team,Centre,,,,,,,,,,,,,,,,,
Lac St-Louis Junior AA Hockey League,Lac_St-Louis_Junior_AA_Hockey_League.html,,,,,,,,Pierrefonds Barracudas,"Pierrefonds, Quebec",,,,,,,,,,,,,,,,,
Lac St-Louis Junior AA Hockey League,Lac_St-Louis_Junior_AA_Hockey_League.html,,,,,,,,Dollard-des-Ormeaux Vipers,"Dollard-des-Ormeaux, Quebec",,,,,,,,,,,,,,,,,
Lac St-Louis Junior AA Hockey League,Lac_St-Louis_Junior_AA_Hockey_League.html,,,,,,,,Lakeshore Panthers,"Kirkland, Quebec",,,,,,,,,,,,,,,,,
Lac St-Louis Junior AA Hockey League,Lac_St-Louis_Junior_AA_Hockey_League.html,,,,,,,,Trois-Lacs Aigles,"Vaudreuil, Quebec",,,,,,,,,,,,,,,,,
Lac St-Louis Junior AA Hockey League,Lac_St-Louis_Junior_AA_Hockey_League.html,,,,,,,,Trois Cités Phoenix,"Ville Saint-Laurent, Quebec",,,,,,,,,,,,,,,,,
Lac St-Louis Junior AA Hockey League,Lac_St-Louis_Junior_AA_Hockey_League.html,,,,,,,,West Island Royals,"Dorval, Quebec",,,,,,,,,,,,,,,,,
Lac St-Louis Junior AA Hockey League,Lac_St-Louis_Junior_AA_Hockey_League.html,,,,,,,,Beauval Étoiles,"Valleyfield, Quebec",,,,,,,,,,,,,,,,,
Lac St-Louis Junior AA Hockey League,Lac_St-Louis_Junior_AA_Hockey_League.html,,,,,,,,Team,Centre,,,,,,,,,,,,,,,,,
Lac St-Louis Junior AA Hockey League,Lac_St-Louis_Junior_AA_Hockey_League.html,,,,,,,,Pierrefonds Barracudas,"Pierrefonds, Quebec",,,,,,,,,,,,,,,,,
Lac St-Louis Junior AA Hockey League,Lac_St-Louis_Junior_AA_Hockey_League.html,,,,,,,,Dollard-des-Ormeaux Vipers,"Dollard-des-Ormeaux, Quebec",,,,,,,,,,,,,,,,,
Lac St-Louis Junior AA Hockey League,Lac_St-Louis_Junior_AA_Hockey_League.html,,,,,,,,Lakeshore Panthers,"Kirkland, Quebec",,,,,,,,,,,,,,,,,
Lac St-Louis Junior AA Hockey League,Lac_St-Louis_Junior_AA_Hockey_League.html,,,,,,,,Trois-Lacs Aigles,"Vaudreuil, Quebec",,,,,,,,,,,,,,,,,
Lac St-Louis Junior AA Hockey League,Lac_St-Louis_Junior_AA_Hockey_League.html,,,,,,,,Trois Cités Phoenix,"Ville Saint-Laurent, Quebec",,,,,,,,,,,,,,,,,
Lac St-Louis Junior AA Hockey League,Lac_St-Louis_Junior_AA_Hockey_League.html,,,,,,,,West Island Royals,"Dorval, Quebec",,,,,,,,,,,,,,,,,
Lac St-Louis Junior AA Hockey League,Lac_St-Louis_Junior_AA_Hockey_League.html,,,,,,,,Beauval Étoiles,"Valleyfield, Quebec",,,,,,,,,,,,,,,,,
Lakehead Junior Hockey League,Lakehead_Junior_Hockey_League.html,Current River Storm,,,Thunder Bay,,Current River Arena,,,,,,,,,,,2022,,,,,,,,,
Lakehead Junior Hockey League,Lakehead_Junior_Hockey_League.html,Nipigon Elks,,,Nipigon,,Nipigon Community Ant Hill,,,,,,,,,,,1993,,,,,,,,,
Lakehead Junior Hockey League,Lakehead_Junior_Hockey_League.html,Schreiber Falcons,,,Schreiber,,Schreiber Community Centre,,,,,,,,,,,2011,,,,,,,,,
Lakehead Junior Hockey League,Lakehead_Junior_Hockey_League.html,Thunder Bay Bandits,,,Thunder Bay,,Thunder Bay Tournament Centre,,,,,,,,,,,2020,,,,,,,,,
Lakehead Junior Hockey League,Lakehead_Junior_Hockey_League.html,Thunder Bay Northern Hawks,,,Thunder Bay,,Fort William Gardens,,,,,,,,,,,1999,,,,,,,,,
Laurentides-Lanaudi re Junior AA Hockey League,Laurentides-Lanaudi_re_Junior_AA_Hockey_League.html,,,,,,,,,"Team Centre Boisbriand/Ste-Therese Royals Boisbriand, Quebec Lachute/Deux-Montagnes Knights Lachute, Quebec Lorraine-Rosemere Nationals Lorraine, Quebec Mirabel-Blainville Monarchs Mirabel, Quebec Mont-Laurier Rapids Mont-Laurier, Quebec Mont-Tremblant Devils Mont-Tremblant, Quebec Moulins Gladiators Mascouche, Quebec Repentigny Olympics Repentigny, Quebec St-Eustache Patriots Saint-Eustache, Quebec",,,,,,,,,,,,,,,,,
Laurentides-Lanaudi re Junior AA Hockey League,Laurentides-Lanaudi_re_Junior_AA_Hockey_League.html,,,,,,,,Team,Centre,,,,,,,,,,,,,,,,,
Laurentides-Lanaudi re Junior AA Hockey League,Laurentides-Lanaudi_re_Junior_AA_Hockey_League.html,,,,,,,,Boisbriand/Ste-Therese Royals,"Boisbriand, Quebec",,,,,,,,,,,,,,,,,
Laurentides-Lanaudi re Junior AA Hockey League,Laurentides-Lanaudi_re_Junior_AA_Hockey_League.html,,,,,,,,Lachute/Deux-Montagnes Knights,"Lachute, Quebec",,,,,,,,,,,,,,,,,
Laurentides-Lanaudi re Junior AA Hockey League,Laurentides-Lanaudi_re_Junior_AA_Hockey_League.html,,,,,,,,Lorraine-Rosemere Nationals,"Lorraine, Quebec",,,,,,,,,,,,,,,,,
Laurentides-Lanaudi re Junior AA Hockey League,Laurentides-Lanaudi_re_Junior_AA_Hockey_League.html,,,,,,,,Mirabel-Blainville Monarchs,"Mirabel, Quebec",,,,,,,,,,,,,,,,,
Laurentides-Lanaudi re Junior AA Hockey League,Laurentides-Lanaudi_re_Junior_AA_Hockey_League.html,,,,,,,,Mont-Laurier Rapids,"Mont-Laurier, Quebec",,,,,,,,,,,,,,,,,
Laurentides-Lanaudi re Junior AA Hockey League,Laurentides-Lanaudi_re_Junior_AA_Hockey_League.html,,,,,,,,Mont-Tremblant Devils,"Mont-Tremblant, Quebec",,,,,,,,,,,,,,,,,
Laurentides-Lanaudi re Junior AA Hockey League,Laurentides-Lanaudi_re_Junior_AA_Hockey_League.html,,,,,,,,Moulins Gladiators,"Mascouche, Quebec",,,,,,,,,,,,,,,,,
Laurentides-Lanaudi re Junior AA Hockey League,Laurentides-Lanaudi_re_Junior_AA_Hockey_League.html,,,,,,,,Repentigny Olympics,"Repentigny, Quebec",,,,,,,,,,,,,,,,,
Laurentides-Lanaudi re Junior AA Hockey League,Laurentides-Lanaudi_re_Junior_AA_Hockey_League.html,,,,,,,,St-Eustache Patriots,"Saint-Eustache, Quebec",,,,,,,,,,,,,,,,,
Laurentides-Lanaudi re Junior AA Hockey League,Laurentides-Lanaudi_re_Junior_AA_Hockey_League.html,,,,,,,,Team,Centre,,,,,,,,,,,,,,,,,
Laurentides-Lanaudi re Junior AA Hockey League,Laurentides-Lanaudi_re_Junior_AA_Hockey_League.html,,,,,,,,Boisbriand/Ste-Therese Royals,"Boisbriand, Quebec",,,,,,,,,,,,,,,,,
Laurentides-Lanaudi re Junior AA Hockey League,Laurentides-Lanaudi_re_Junior_AA_Hockey_League.html,,,,,,,,Lachute/Deux-Montagnes Knights,"Lachute, Quebec",,,,,,,,,,,,,,,,,
Laurentides-Lanaudi re Junior AA Hockey League,Laurentides-Lanaudi_re_Junior_AA_Hockey_League.html,,,,,,,,Lorraine-Rosemere Nationals,"Lorraine, Quebec",,,,,,,,,,,,,,,,,
Laurentides-Lanaudi re Junior AA Hockey League,Laurentides-Lanaudi_re_Junior_AA_Hockey_League.html,,,,,,,,Mirabel-Blainville Monarchs,"Mirabel, Quebec",,,,,,,,,,,,,,,,,
Laurentides-Lanaudi re Junior AA Hockey League,Laurentides-Lanaudi_re_Junior_AA_Hockey_League.html,,,,,,,,Mont-Laurier Rapids,"Mont-Laurier, Quebec",,,,,,,,,,,,,,,,,
Laurentides-Lanaudi re Junior AA Hockey League,Laurentides-Lanaudi_re_Junior_AA_Hockey_League.html,,,,,,,,Mont-Tremblant Devils,"Mont-Tremblant, Quebec",,,,,,,,,,,,,,,,,
Laurentides-Lanaudi re Junior AA Hockey League,Laurentides-Lanaudi_re_Junior_AA_Hockey_League.html,,,,,,,,Moulins Gladiators,"Mascouche, Quebec",,,,,,,,,,,,,,,,,
Laurentides-Lanaudi re Junior AA Hockey League,Laurentides-Lanaudi_re_Junior_AA_Hockey_League.html,,,,,,,,Repentigny Olympics,"Repentigny, Quebec",,,,,,,,,,,,,,,,,
Laurentides-Lanaudi re Junior AA Hockey League,Laurentides-Lanaudi_re_Junior_AA_Hockey_League.html,,,,,,,,St-Eustache Patriots,"Saint-Eustache, Quebec",,,,,,,,,,,,,,,,,
M tropolitaine Junior AA Hockey League,M_tropolitaine_Junior_AA_Hockey_League.html,Grands-Ducs du Richelieu,,,,,,,,,,,,,,,,,"Varennes, Quebec",Move to Varennes in 2015,,,,,,,
M tropolitaine Junior AA Hockey League,M_tropolitaine_Junior_AA_Hockey_League.html,Prédateurs de Brossard,,,,,,,,,,,,,,,,,"Brossard, Quebec",,,,,,,,
M tropolitaine Junior AA Hockey League,M_tropolitaine_Junior_AA_Hockey_League.html,Éclaireurs du Richelieu,,,,,,,,,,,,,,,,,"Saint-Hyacinthe, Quebec",,,,,,,,
M tropolitaine Junior AA Hockey League,M_tropolitaine_Junior_AA_Hockey_League.html,Sénateurs de Laval,,,,,,,,,,,,,,,,,"Laval, Quebec",,,,,,,,
M tropolitaine Junior AA Hockey League,M_tropolitaine_Junior_AA_Hockey_League.html,Royals de Montréal,,,,,,,,,,,,,,,,,"Montreal, Quebec",,,,,,,,
M tropolitaine Junior AA Hockey League,M_tropolitaine_Junior_AA_Hockey_League.html,Mariniers de Sorel-Tracy,,,,,,,,,,,,,,,,,"Sorel-Tracy, Quebec",New Team 2021-2022,,,,,,,
M tropolitaine Junior AA Hockey League,M_tropolitaine_Junior_AA_Hockey_League.html,Patriotes du Richelieu,,,,,,,,,,,,,,,,,"Saint-Jean sur Richelieu, Quebec",New Team 2021-2022,,,,,,,
M tropolitaine Junior AA Hockey League,M_tropolitaine_Junior_AA_Hockey_League.html,Vipers D.D.O,,,,,,,,,,,,,,,,,"Dollard-des-ormaux, Quebec",New Team 2018-2019,,,,,,,
M tropolitaine Junior AA Hockey League,M_tropolitaine_Junior_AA_Hockey_League.html,Mustangs de Vaudreuil,,,,,,,,,,,,,,,,,"Vaudreuil, Quebec",Previously Aigles de trois lacs,,,,,,,
M tropolitaine Junior AA Hockey League,M_tropolitaine_Junior_AA_Hockey_League.html,Monarques de Mirabel,,,,,,,,,,,,,,,,,"Mirabel, Quebec",New Team 2021-2022,,,,,,,
M tropolitaine Junior AA Hockey League,M_tropolitaine_Junior_AA_Hockey_League.html,Patriotes de Saint-Eustache,,,,,,,,,,,,,,,,,"Saint-Eustache, Quebec",New Team 2021-2022,,,,,,,
M tropolitaine Junior AA Hockey League,M_tropolitaine_Junior_AA_Hockey_League.html,Braves de Valleyfield,,,,,,,,,,,,,,,,,"Valleyfield, Quebec",New Team 2021-2022,,,,,,,
New Brunswick Junior B Hockey League,New_Brunswick_Junior_B_Hockey_League.html,,,,Caraquet,,,,,,,,,,,,,,,,Acadia Peninsula Poseidon,2023,,,,,
New Brunswick Junior B Hockey League,New_Brunswick_Junior_B_Hockey_League.html,,,,Sherwood,,,,,,,,,,,,,,,,A&S Scrap Metal Metros,2015,,,,,
New Brunswick Junior B Hockey League,New_Brunswick_Junior_B_Hockey_League.html,,,,Kensington,,,,,,,,,,,,,,,,Kensington Vipers,1998,,,,,
New Brunswick Junior B Hockey League,New_Brunswick_Junior_B_Hockey_League.html,,,,Cocagne,,,,,,,,,,,,,,,,Kent Koyotes,2013,,,,,
New Brunswick Junior B Hockey League,New_Brunswick_Junior_B_Hockey_League.html,,,,Saint-Quentin,,,,,,,,,,,,,,,,Restigouche West Forestiers,2025,,,,,
New Brunswick Junior B Hockey League,New_Brunswick_Junior_B_Hockey_League.html,,,,Moncton,,,,,,,,,,,,,,,,Moncton Vito's,2009,,,,,
New Brunswick Junior B Hockey League,New_Brunswick_Junior_B_Hockey_League.html,,,,Cap Pelé,,,,,,,,,,,,,,,,Cap Pelé Knights,2022,,,,,
New Brunswick Junior B Hockey League,New_Brunswick_Junior_B_Hockey_League.html,,,,Centre,,,,,,,,,,,,,,,,Maritime-Jr C,1st Year,,,,,
New Brunswick Junior B Hockey League,New_Brunswick_Junior_B_Hockey_League.html,,,,Elsipogtog,,,,,,,,,,,,,,,,Elsipogtog Hawks,2023,,,,,
New Brunswick Junior B Hockey League,New_Brunswick_Junior_B_Hockey_League.html,,,,Quispamsis,,,,,,,,,,,,,,,,Southern Sting,2015,,,,,
New Brunswick Junior B Hockey League,New_Brunswick_Junior_B_Hockey_League.html,,,,Sunny Corner,,,,,,,,,,,,,,,,Sunny Corner Thunder,2014,,,,,
New Brunswick Junior B Hockey League,New_Brunswick_Junior_B_Hockey_League.html,,,,Fredericton Junction,,,,,,,,,,,,,,,,Tri-County River Cats,2009,,,,,
New Brunswick Junior B Hockey League,New_Brunswick_Junior_B_Hockey_League.html,,,,Hartland,,,,,,,,,,,,,,,,Western Valley Panthers,2012,,,,,
North Eastern Alberta Junior B Hockey League,North_Eastern_Alberta_Junior_B_Hockey_League.html,Cold Lake Ice,,,,,Imperial Oil Place,2001.0,,,,,,,,,,,"Cold Lake, Alberta",,,,,,,,
North Eastern Alberta Junior B Hockey League,North_Eastern_Alberta_Junior_B_Hockey_League.html,Killam Wheat Kings,,,,,Killam Agriplex,,,,,,,,,,,,"Killam, Alberta",,,,,,,,
North Eastern Alberta Junior B Hockey League,North_Eastern_Alberta_Junior_B_Hockey_League.html,Lloydminster Bandits,,,,,Centennial Civic Centre,,,,,,,,,,,,"Lloydminster, Saskatchewan",,,,,,,,
North Eastern Alberta Junior B Hockey League,North_Eastern_Alberta_Junior_B_Hockey_League.html,St. Paul Canadiens,,,,,Clancy Richards Arena,,,,,,,,,,,,"St. Paul, Alberta",,,,,,,,
North Eastern Alberta Junior B Hockey League,North_Eastern_Alberta_Junior_B_Hockey_League.html,Vegreville Rangers,,,,,Vegreville Recreation Centre,1974.0,,,,,,,,,,,"Vegreville, Alberta",,,,,,,,
North Eastern Alberta Junior B Hockey League,North_Eastern_Alberta_Junior_B_Hockey_League.html,Vermilion Tigers,,,,,Vermilion Stadium,,,,,,,,,,,,"Vermilion, Alberta",,,,,,,,
North Eastern Alberta Junior B Hockey League,North_Eastern_Alberta_Junior_B_Hockey_League.html,Wainwright Bisons,,,,,Peace Memorial Multiplex,,,,,,,,,,,,"Wainwright, Alberta",,,,,,,,
North Saskatchewan Junior B Hockey League,North_Saskatchewan_Junior_B_Hockey_League.html,,,,,,,,Team,Centre,,,,,,,,,,,,,,,,,
North Saskatchewan Junior B Hockey League,North_Saskatchewan_Junior_B_Hockey_League.html,,,,,,,,Saskatoon Chiefs,Saskatoon,,,,,,,,,,,,,,,,,
North Saskatchewan Junior B Hockey League,North_Saskatchewan_Junior_B_Hockey_League.html,,,,,,,,Saskatoon Quakers,Saskatoon,,,,,,,,,,,,,,,,,
North Saskatchewan Junior B Hockey League,North_Saskatchewan_Junior_B_Hockey_League.html,,,,,,,,Saskatoon Royals,Saskatoon,,,,,,,,,,,,,,,,,
North Saskatchewan Junior B Hockey League,North_Saskatchewan_Junior_B_Hockey_League.html,,,,,,,,Saskatoon Wesleys,Saskatoon,,,,,,,,,,,,,,,,,
North Saskatchewan Junior B Hockey League,North_Saskatchewan_Junior_B_Hockey_League.html,,,,,,,,Tri-Town Thunder,Carrot River,,,,,,,,,,,,,,,,,
North West Junior Hockey League,North_West_Junior_Hockey_League.html,Beaverlodge Blades,,,,,Beaverlodge Arena,1997,,,,,,,,,Phil Sykes,2022,"Beaverlodge, Alberta",,,,0.0,,,,
North West Junior Hockey League,North_West_Junior_Hockey_League.html,Dawson Creek Kodiaks,,,,,Dawson Creek Memorial Arena,1994[1],,,,,,,,,Colby Wagar,1994[1],"Dawson Creek, British Columbia",,,,2.0,,,,
North West Junior Hockey League,North_West_Junior_Hockey_League.html,Fairview Flyers,,,,,Fairview Arena,2012,,,,,,,,,Dolan Bjornson,2012,"Fairview, Alberta",,,,1.0,,,,
North West Junior Hockey League,North_West_Junior_Hockey_League.html,Fort St. John Huskies,,,,,North Peace Arena,1966,,,,,,,,,Todd Alexander,1996,"Fort St. John, British Columbia",,,,8.0,,,,
North West Junior Hockey League,North_West_Junior_Hockey_League.html,Grande Prairie Kings,,,,,Crosslink County Sportsplex,1994[1],,,,,,,,,Lyndin Lewis,1994[1],"Grande Prairie, Alberta",,,,1.0,,,,
North West Junior Hockey League,North_West_Junior_Hockey_League.html,La Crete Lumber Barons,,,,,Raymond Knelsen Arena,2022,,,,,,,,,Dion Knelsen,2022,"La Crete, Alberta",,,,1.0,,,,
North West Junior Hockey League,North_West_Junior_Hockey_League.html,North Peace Navigators,,,,,Baytex Energy Centre,2000,,,,,,,,,Jody Menssa,2000,"Peace River, Alberta",,,,6.0,,,,
North West Junior Hockey League,North_West_Junior_Hockey_League.html,Sexsmith Vipers,,,,,Sexsmith Arena,1994[1],,,,,,,,,Kyle Weegar,1994[1],"Sexsmith, Alberta",,,,1.0,,,,
Nova Scotia Junior Hockey League,Nova_Scotia_Junior_Hockey_League.html,,,,,,,,Fred Fox Division,Fred Fox Division,Fred Fox Division,Fred Fox Division,Fred Fox Division,Fred Fox Division,Fred Fox Division,Fred Fox Division,,,,,,,,Fred Fox Division,Fred Fox Division,Fred Fox Division,
Nova Scotia Junior Hockey League,Nova_Scotia_Junior_Hockey_League.html,,,,,,,,Team,Centre,,,,,,,,,,,,,,,,,
Nova Scotia Junior Hockey League,Nova_Scotia_Junior_Hockey_League.html,,,,,,,,Brookfield Elks,Brookfield,,,,,,,,,,,,,,,,,
Nova Scotia Junior Hockey League,Nova_Scotia_Junior_Hockey_League.html,,,,,,,,Capstone Colts,Cole Harbour,,,,,,,,,,,,,,,,,
Nova Scotia Junior Hockey League,Nova_Scotia_Junior_Hockey_League.html,,,,,,,,East Hants Penguins,Lantz,,,,,,,,,,,,,,,,,
Nova Scotia Junior Hockey League,Nova_Scotia_Junior_Hockey_League.html,,,,,,,,South Shore Lumberjacks,Bridgewater,,,,,,,,,,,,,,,,,
Nova Scotia Junior Hockey League,Nova_Scotia_Junior_Hockey_League.html,,,,,,,,Sackville Blazers,Sackville,,,,,,,,,,,,,,,,,
Nova Scotia Junior Hockey League,Nova_Scotia_Junior_Hockey_League.html,,,,,,,,Windsor Oxen,Windsor,,,,,,,,,,,,,,,,,
Nova Scotia Junior Hockey League,Nova_Scotia_Junior_Hockey_League.html,,,,,,,,Sid Rowe Division,Sid Rowe Division,Sid Rowe Division,Sid Rowe Division,Sid Rowe Division,Sid Rowe Division,Sid Rowe Division,Sid Rowe Division,,,,,,,,Sid Rowe Division,Sid Rowe Division,Sid Rowe Division,
Nova Scotia Junior Hockey League,Nova_Scotia_Junior_Hockey_League.html,,,,,,,,Team,Centre,,,,,,,,,,,,,,,,,
Nova Scotia Junior Hockey League,Nova_Scotia_Junior_Hockey_League.html,,,,,,,,Antigonish Bulldogs,Antigonish,,,,,,,,,,,,,,,,,
Nova Scotia Junior Hockey League,Nova_Scotia_Junior_Hockey_League.html,,,,,,,,Eskasoni Junior Eagles,Eskasoni First Nation,,,,,,,,,,,,,,,,,
Nova Scotia Junior Hockey League,Nova_Scotia_Junior_Hockey_League.html,,,,,,,,Membertou Jr. Miners,Membertou,,,,,,,,,,,,,,,,,
Nova Scotia Junior Hockey League,Nova_Scotia_Junior_Hockey_League.html,,,,,,,,Pictou County Scotians,Trenton,,,,,,,,,,,,,,,,,
Nova Scotia Junior Hockey League,Nova_Scotia_Junior_Hockey_League.html,,,,,,,,Strait Pirates,Port Hawkesbury,,,,,,,,,,,,,,,,,
Prairie Junior Hockey League,Prairie_Junior_Hockey_League.html,,,,,,,,Bob Dybvig (North Division),Bob Dybvig (North Division),Bob Dybvig (North Division),Bob Dybvig (North Division),,,,,,,,,,,,,,,
Prairie Junior Hockey League,Prairie_Junior_Hockey_League.html,,,,,,,,Team,City,Arena,Joined PJHL,,,,,,,,,,,,,,,
Prairie Junior Hockey League,Prairie_Junior_Hockey_League.html,,,,,,,,Carrot River Outback Thunder,Carrot River,Kearns Arena,2005,,,,,,,,,,,,,,,
Prairie Junior Hockey League,Prairie_Junior_Hockey_League.html,,,,,,,,Martensville Chiefs,Martensville,Martensville Sports Centre,2008 (Delisle) 2025 (Martensville),,,,,,,,,,,,,,,
Prairie Junior Hockey League,Prairie_Junior_Hockey_League.html,,,,,,,,Prince Albert Timberjaks,Prince Albert,Northern Regional Recreation Centre (Buckland),2023,,,,,,,,,,,,,,,
Prairie Junior Hockey League,Prairie_Junior_Hockey_League.html,,,,,,,,Saskatoon Quakers,Saskatoon,Harold Latrace/Rod Hamm Arena,2007,,,,,,,,,,,,,,,
Prairie Junior Hockey League,Prairie_Junior_Hockey_League.html,,,,,,,,Saskatoon Royals,Saskatoon,Harold Latrace/Rod Hamm Arena,2007,,,,,,,,,,,,,,,
Prairie Junior Hockey League,Prairie_Junior_Hockey_League.html,,,,,,,,Saskatoon Westleys,Saskatoon,Harold Latrace/Rod Hamm Arena,2007,,,,,,,,,,,,,,,
Prairie Junior Hockey League,Prairie_Junior_Hockey_League.html,,,,,,,,Bill Johnston (South Division),Bill Johnston (South Division),Bill Johnston (South Division),Bill Johnston (South Division),,,,,,,,,,,,,,,
Prairie Junior Hockey League,Prairie_Junior_Hockey_League.html,,,,,,,,Team,City,Arena,Joined PJHL/SSJHL,,,,,,,,,,,,,,,
Prairie Junior Hockey League,Prairie_Junior_Hockey_League.html,,,,,,,,Assiniboia Southern Rebels,Assiniboia,Southland Co-op Centre,1992,,,,,,,,,,,,,,,
Prairie Junior Hockey League,Prairie_Junior_Hockey_League.html,,,,,,,,Fort Knox,Fort Qu'Appelle,Prairie Co-op Rexentre,1996,,,,,,,,,,,,,,,
Prairie Junior Hockey League,Prairie_Junior_Hockey_League.html,,,,,,,,Moosomin Steel Hawks,Moosomin,Mike Schwean Arena,2025,,,,,,,,,,,,,,,
Prairie Junior Hockey League,Prairie_Junior_Hockey_League.html,,,,,,,,Pilot Butte Storm,Pilot Butte,Pilot Butte Recreation Centre,1993,,,,,,,,,,,,,,,
Prairie Junior Hockey League,Prairie_Junior_Hockey_League.html,,,,,,,,Regina Capitals,Regina,Al Ritchie Arena,1992,,,,,,,,,,,,,,,
Prairie Junior Hockey League,Prairie_Junior_Hockey_League.html,,,,,,,,Regina Silver Foxes,Regina,Doug Wickenheiser Arena,2013,,,,,,,,,,,,,,,
Saguenay-Lac-St-Jean Junior AA Hockey League,Saguenay-Lac-St-Jean_Junior_AA_Hockey_League.html,,,,,,,,,"Team Centre Alma Aiglons Alma, Quebec Chicoutimi Saguenéens Chicoutimi, Quebec Jonquiere Marquis Jonquière, Quebec Roberval Sabres Roberval, Quebec Normandin Eperviers Normandin, Quebec",,,,,,,,,,,,,,,,,
Saguenay-Lac-St-Jean Junior AA Hockey League,Saguenay-Lac-St-Jean_Junior_AA_Hockey_League.html,,,,,,,,Team,Centre,,,,,,,,,,,,,,,,,
Saguenay-Lac-St-Jean Junior AA Hockey League,Saguenay-Lac-St-Jean_Junior_AA_Hockey_League.html,,,,,,,,Alma Aiglons,"Alma, Quebec",,,,,,,,,,,,,,,,,
Saguenay-Lac-St-Jean Junior AA Hockey League,Saguenay-Lac-St-Jean_Junior_AA_Hockey_League.html,,,,,,,,Chicoutimi Saguenéens,"Chicoutimi, Quebec",,,,,,,,,,,,,,,,,
Saguenay-Lac-St-Jean Junior AA Hockey League,Saguenay-Lac-St-Jean_Junior_AA_Hockey_League.html,,,,,,,,Jonquiere Marquis,"Jonquière, Quebec",,,,,,,,,,,,,,,,,
Saguenay-Lac-St-Jean Junior AA Hockey League,Saguenay-Lac-St-Jean_Junior_AA_Hockey_League.html,,,,,,,,Roberval Sabres,"Roberval, Quebec",,,,,,,,,,,,,,,,,
Saguenay-Lac-St-Jean Junior AA Hockey League,Saguenay-Lac-St-Jean_Junior_AA_Hockey_League.html,,,,,,,,Normandin Eperviers,"Normandin, Quebec",,,,,,,,,,,,,,,,,
Saguenay-Lac-St-Jean Junior AA Hockey League,Saguenay-Lac-St-Jean_Junior_AA_Hockey_League.html,,,,,,,,Team,Centre,,,,,,,,,,,,,,,,,
Saguenay-Lac-St-Jean Junior AA Hockey League,Saguenay-Lac-St-Jean_Junior_AA_Hockey_League.html,,,,,,,,Alma Aiglons,"Alma, Quebec",,,,,,,,,,,,,,,,,
Saguenay-Lac-St-Jean Junior AA Hockey League,Saguenay-Lac-St-Jean_Junior_AA_Hockey_League.html,,,,,,,,Chicoutimi Saguenéens,"Chicoutimi, Quebec",,,,,,,,,,,,,,,,,
Saguenay-Lac-St-Jean Junior AA Hockey League,Saguenay-Lac-St-Jean_Junior_AA_Hockey_League.html,,,,,,,,Jonquiere Marquis,"Jonquière, Quebec",,,,,,,,,,,,,,,,,
Saguenay-Lac-St-Jean Junior AA Hockey League,Saguenay-Lac-St-Jean_Junior_AA_Hockey_League.html,,,,,,,,Roberval Sabres,"Roberval, Quebec",,,,,,,,,,,,,,,,,
Saguenay-Lac-St-Jean Junior AA Hockey League,Saguenay-Lac-St-Jean_Junior_AA_Hockey_League.html,,,,,,,,Normandin Eperviers,"Normandin, Quebec",,,,,,,,,,,,,,,,,
St. John s Junior Hockey League,St._John_s_Junior_Hockey_League.html,Avalon Jr. Celtics,,,,,,,,,,,,,,,,,,,,,,,,,St. John’s
St. John s Junior Hockey League,St._John_s_Junior_Hockey_League.html,CBN Jr. Stars,,,,,,,,,,,,,,,,,,,,,,,,,Bay Roberts
St. John s Junior Hockey League,St._John_s_Junior_Hockey_League.html,CBR Jr. Renegades,,,,,,,,,,,,,,,,,,,,,,,,,Conception Bay South
St. John s Junior Hockey League,St._John_s_Junior_Hockey_League.html,Mount Pearl Jr. Blades,,,,,,,,,,,,,,,,,,,,,,,,,Mount Pearl
St. John s Junior Hockey League,St._John_s_Junior_Hockey_League.html,Northeast Jr. Eagles,,,,,,,,,,,,,,,,,,,,,,,,,Torbay
St. John s Junior Hockey League,St._John_s_Junior_Hockey_League.html,Paradise Jr. Warriors,,,,,,,,,,,,,,,,,,,,,,,,,Paradise
St. John s Junior Hockey League,St._John_s_Junior_Hockey_League.html,St. John's Jr. Caps,,,,,,,,,,,,,,,,,,,,,,,,,St. John's
St. John s Junior Hockey League,St._John_s_Junior_Hockey_League.html,Southern Shore Jr. Breakers,,,,,,,,,,,,,,,,,,,,,,,,,Witless Bay
