League,Source file,Team,Centre,Home arena,Year Joined,Founded,1st Season,0,1,2,First season,3,4,5,Senior Teams,Formed
Hanover Tache Junior Hockey League,Hanover_Tache_Junior_Hockey_League.html,East St Paul Gators,East St Paul,East St Paul Arena,2023.0,,,,,,,,,,,
Hanover Tache Junior Hockey League,Hanover_Tache_Junior_Hockey_League.html,Grunthal Red Wings,Grunthal,Grunthal Arena,2024.0,,,,,,,,,,,
Hanover Tache Junior Hockey League,Hanover_Tache_Junior_Hockey_League.html,Landmark Blues,Landmark,Landmark Arena,1987.0,,,,,,,,,,,
Hanover Tache Junior Hockey League,Hanover_Tache_Junior_Hockey_League.html,*Lorette Comets,Lorette,Lorette Community Complex/Île-des-Chênes Arena,2004.0,,,,,,,,,,,
Hanover Tache Junior Hockey League,Hanover_Tache_Junior_Hockey_League.html,Macdonald Swarm,Macdonald,Sanford Recreation Centre,2021.0,,,,,,,,,,,
Hanover Tache Junior Hockey League,Hanover_Tache_Junior_Hockey_League.html,Mitchell Mustangs,Mitchell,Mitchell Arena,2024.0,,,,,,,,,,,
Hanover Tache Junior Hockey League,Hanover_Tache_Junior_Hockey_League.html,Niverville Clippers,Niverville,Niverville Arena,2008.0,,,,,,,,,,,
Hanover Tache Junior Hockey League,Hanover_Tache_Junior_Hockey_League.html,Red River Mudbugs,St. Jean Baptiste,St. Jean Arena,2008.0,,,,,,,,,,,
Hanover Tache Junior Hockey League,Hanover_Tache_Junior_Hockey_League.html,Springfield Xtreme,Oakbank,Oakbank ONE Insurance Arena,1988.0,,,,,,,,,,,
Hanover Tache Junior Hockey League,Hanover_Tache_Junior_Hockey_League.html,Ste. Anne Jr. Aces,Ste. Anne,Ste. Anne Arena,1987.0,,,,,,,,,,,
Hanover Tache Junior Hockey League,Hanover_Tache_Junior_Hockey_League.html,Steinbach Huskies,Steinbach,T.G. Smith Centre,2024.0,,,,,,,,,,,
Hanover Tache Junior Hockey League,Hanover_Tache_Junior_Hockey_League.html,Warren 67's,Warren,Access Credit Union Arena,2025.0,,,,,,,,,,,
National Capital Junior Hockey League,National_Capital_Junior_Hockey_League.html,Cumberland Castors,"Orleans, Ontario",,,1987.0,,,,,,,,,,
National Capital Junior Hockey League,National_Capital_Junior_Hockey_League.html,Kanata Kings,"Kanata, Ontario",,,2017.0,,,,,,,,,,
National Capital Junior Hockey League,National_Capital_Junior_Hockey_League.html,Metcalfe Jets,"Metcalfe, Ontario",,,1967.0,,,,,,,,,,
National Capital Junior Hockey League,National_Capital_Junior_Hockey_League.html,Morrisburg Lions,"Morrisburg, Ontario",,,1971.0,,,,,,,,,,
National Capital Junior Hockey League,National_Capital_Junior_Hockey_League.html,North Dundas Rockets,"Chesterville, Ontario",,,2011.0,,,,,,,,,,
National Capital Junior Hockey League,National_Capital_Junior_Hockey_League.html,South Grenville Rangers,"Prescott, Ontario",,,2017.0,,,,,,,,,,
National Capital Junior Hockey League,National_Capital_Junior_Hockey_League.html,St-Isidore Eagles,"St. Isidore de Prescott, Ontario",,,1974.0,,,,,,,,,,
National Capital Junior Hockey League,National_Capital_Junior_Hockey_League.html,Vankleek Hill Cougars,"Vankleek Hill, Ontario",,,1991.0,,,,,,,,,,
National Capital Junior Hockey League,National_Capital_Junior_Hockey_League.html,Westport Rideaus,"Westport, Ontario",,,2022.0,,,,,,,,,,
Noralta Junior Hockey League,Noralta_Junior_Hockey_League.html,St. Albert Comets,St. Albert,,,,1992–93,,,,,,,,,
Noralta Junior Hockey League,Noralta_Junior_Hockey_League.html,SouthWest Zone Oil Kings,Edmonton,,,,1999–00,,,,,,,,,
Noralta Junior Hockey League,Noralta_Junior_Hockey_League.html,Gibbons Broncos,Gibbons,,,,2006–07,,,,,,,,,
Noralta Junior Hockey League,Noralta_Junior_Hockey_League.html,Seera Icemen,Edmonton,,,,2006–07,,,,,,,,,
Noralta Junior Hockey League,Noralta_Junior_Hockey_League.html,Sherwood Park Renegades,Sherwood Park,,,,2006–07,,,,,,,,,
Noralta Junior Hockey League,Noralta_Junior_Hockey_League.html,Edmonton Mavericks,Edmonton,,,,2014–15,,,,,,,,,
Noralta Junior Hockey League,Noralta_Junior_Hockey_League.html,Junior Braves,Edmonton,,,,2018–19,,,,,,,,,
Noralta Junior Hockey League,Noralta_Junior_Hockey_League.html,Strathcona Warriors,Strathcona,,,,2020–21,,,,,,,,,
Noralta Junior Hockey League,Noralta_Junior_Hockey_League.html,Beaumont Buccaneers,Beaumont,,,,2021–22,,,,,,,,,
Noralta Junior Hockey League,Noralta_Junior_Hockey_League.html,Devon Bison,Devon,,,,2022-23,,,,,,,,,
Noralta Junior Hockey League,Noralta_Junior_Hockey_League.html,Millet Lightning,Millet,,,,2022-23,,,,,,,,,
Noralta Junior Hockey League,Noralta_Junior_Hockey_League.html,NorthEast Zone Northstars,Edmonton,,,,2022-23,,,,,,,,,
Noralta Junior Hockey League,Noralta_Junior_Hockey_League.html,CR Knights,Rivière Qui Barre,,,,2023-24,,,,,,,,,
Noralta Junior Hockey League,Noralta_Junior_Hockey_League.html,North Edmonton Wolverines,Edmonton,,,,2025-26,,,,,,,,,
Nova Scotia Junior C Hockey League,Nova_Scotia_Junior_C_Hockey_League.html,,,,,,,Team,Centre,Formed,,,,,,
Nova Scotia Junior C Hockey League,Nova_Scotia_Junior_C_Hockey_League.html,,,,,,,Admirals Hockey Club,Bridgetown,2023,,,,,,
Nova Scotia Junior C Hockey League,Nova_Scotia_Junior_C_Hockey_League.html,,,,,,,East Hants Jr. C Penguins,East Hants,2017,,,,,,
Nova Scotia Junior C Hockey League,Nova_Scotia_Junior_C_Hockey_League.html,,,,,,,Eastern Shore Thunder,Eastern Shore,2016,,,,,,
Nova Scotia Junior C Hockey League,Nova_Scotia_Junior_C_Hockey_League.html,,,,,,,Newport Titans,Newport,2023,,,,,,
Nova Scotia Junior C Hockey League,Nova_Scotia_Junior_C_Hockey_League.html,,,,,,,Sackville Knights,Sackville,2018,,,,,,
Nova Scotia Junior C Hockey League,Nova_Scotia_Junior_C_Hockey_League.html,,,,,,,South Shore Schooners,Chester,2019,,,,,,
Nova Scotia Junior C Hockey League,Nova_Scotia_Junior_C_Hockey_League.html,,,,,,,South West Storm,Barrington,2021,,,,,,
Nova Scotia Junior C Hockey League,Nova_Scotia_Junior_C_Hockey_League.html,,,,,,,Spryfield Attack,Spryfield,2011,,,,,,
Prince Edward Island Junior C Hockey League,Prince_Edward_Island_Junior_C_Hockey_League.html,Morell Lions,Morell,,,,,,,,2024–25,,,,,
Prince Edward Island Junior C Hockey League,Prince_Edward_Island_Junior_C_Hockey_League.html,North River Flames,Cornwall,,,,,,,,2005–06,,,,,
Prince Edward Island Junior C Hockey League,Prince_Edward_Island_Junior_C_Hockey_League.html,Pownal Ice Dogs,Pownal,,,,,,,,2019–20,,,,,
Prince Edward Island Junior C Hockey League,Prince_Edward_Island_Junior_C_Hockey_League.html,Sherwood Metros,Sherwood,,,,,,,,2015–16,,,,,
Prince Edward Island Junior C Hockey League,Prince_Edward_Island_Junior_C_Hockey_League.html,South Side Lynx,Crapaud,,,,,,,,2001–02,,,,,
Prince Edward Island Junior C Hockey League,Prince_Edward_Island_Junior_C_Hockey_League.html,Tignish Aces,Tignish,,,,,,,,2002–03,,,,,
Provincial Junior Hockey League,Provincial_Junior_Hockey_League.html,,,,,,,North Conference Carruthers Division Team Centre Founded Arena Alliston Hornets Alliston 1971 New Tecumseth Recreation Complex Huntsville Otters Huntsville 1990 Canada Summit Centre Innisfil Spartans Innisfil 2022 Innisfil Recreation Complex Midland Flyers Midland 1978 North Simcoe Sports & Recreation Centre Muskoka Bears Bracebridge 2024 Muskoka Lumber Community Centre Orillia Terriers Orillia 2013 West Orillia Sports Complex Penetang Kings Penetanguishene 1977 Penetanguishene Memorial Community Centre Stayner Siskins Stayner 1972 Stayner Memorial Arena Pollock Division Team Centre Founded Arena Fergus Whalers Fergus 2023 Centre Wellington Community Sportsplex Hanover Barons Hanover 1964 P&H Centre Kincardine Bulldogs Kincardine 1994 Davidson Centre Arena Mitchell Hawks Mitchell 1966 Mitchell & District Arena Mount Forest Patriots Mount Forest 1987 Mount Forest & District Community Centre Walkerton Capitals Walkerton 1976 Walkerton Community Centre Wingham Ironmen Wingham 1975 North Huron Wescast Community Complex South Conference Doherty Division Team Centre Founded Arena Dorchester Dolphins Dorchester 2012 The Flight Exec Centre Hespeler Shamrocks Hespeler 1959 Hespeler Memorial Arena New Hamburg Firebirds New Hamburg 1953 Wilmot Township Arena Norwich Merchants Norwich 1968 Norwich Community Centre Paris Titans Paris 1985 Brant Sports Complex Tavistock Braves Tavistock 1970 Tavistock & District Recreation Centre Wellesley Applejacks Wellesley 1987 Wellesley Arena Woodstock Navy-Vets Woodstock 1966 Woodstock District Community Complex Bloomfield Division Team Centre Founded Arena Dundas Blues Dundas 1963 J.L.Grightmire Arena Dunnville Jr. Mudcats Dunnville 1974 Dunnville Memorial Arena Glanbrook Rangers Glanbrook 1975 Glanbrook Arena Grimsby Peach Kings Grimsby 1922 Peach King Centre Hagersville Hawks Hagersville 1992 Hagersville Memorial Arena Niagara Riverhawks Chippawa 1987 Gale Centre Port Dover Sailors Port Dover 1988 Port Dover & Area Arena Streetsville Derbys Streetsville 2024 Vic Johnston Community Centre East Conference Orr Division Team Centre Founded Arena Caledon Golden Hawks Caledon 2010 Caledon East Arena Clarington Eagles Bowmanville 2011 Garnet B. Rickard Recreation Complex Georgina Ice Keswick 1994 Georgina Ice Palace Little Britain Merchants Little Britain 1978 Little Britain Community Centre Port Perry Lumberjacks Port Perry 1972 Scugog Community Recreation Centre Schomberg Cougars Schomberg 1969 Trisan Centre Uxbridge Bruins Uxbridge 1975 Uxbridge Arena and Recreation Centre Tod Division Team Centre Founded Arena Amherstview Jets Amherstview 1989 W J Henderson Recreation Centre Frankford Huskies Frankford 2021 Frankford Arena Lakefield Chiefs Lakefield 1980 Lakefield-Smith Community Centre Napanee Raiders Napanee 1989 Strathcona Paper Centre Picton Pirates Picton 1989 Prince Edward Community Centre Port Hope Panthers Port Hope 2004 Jack Burger Sports Complex Trent Hills Thunder Campbellford 1992 Campbellford-Seymour Arena West Conference Stobbs Division Team Centre Founded Arena Amherstburg Admirals Amherstburg 1987 Libro Centre Blenheim Blades Blenheim 1968 Blenheim Community & Recreation Centre Dresden Jr. Kings Dresden 1959 Lambton-Kent Memorial Arena Essex 73's Essex 1973 Essex Centre Sports Complex Lakeshore Canadiens Belle River 1978 Atlas Tube Centre Mooretown Flags Mooretown 1971 Mooretown Sports Complex Walpole Island Wild Walpole Island 1972 Walpole Island Sports Complex Wheatley Sharks Wheatley 1995 Wheatley Area Arena Yeck Division Team Centre Founded Arena Aylmer Spitfires Aylmer 1974 East Elgin Community Complex Exeter Hawks Exeter 1961 South Huron Recreation Centre Lucan Irish Lucan 1968 Lucan Community Memorial Centre Mount Brydges Bulldogs Mount Brydges 1975 Tri-Township Arena North Middlesex Stars Parkhill 1993 North Middlesex Arena Petrolia Flyers Petrolia 1988 Greenwood Recreation Centre Port Stanley Sailors Port Stanley 1969 Port Stanley Arena Thamesford Trojans Thamesford 1976 Thamesford Area Recreation Centre,,,,,,,,
Provincial Junior Hockey League,Provincial_Junior_Hockey_League.html,,,,,,,,North Conference,North Conference,,North Conference,North Conference,North Conference,,
Provincial Junior Hockey League,Provincial_Junior_Hockey_League.html,,,,,,,,Carruthers Division,Carruthers Division,,Carruthers Division,Carruthers Division,Carruthers Division,,
Provincial Junior Hockey League,Provincial_Junior_Hockey_League.html,,,,,,,,Team,,,Centre,Founded,Arena,,
Provincial Junior Hockey League,Provincial_Junior_Hockey_League.html,,,,,,,,Alliston Hornets,,,Alliston,1971,New Tecumseth Recreation Complex,,
Provincial Junior Hockey League,Provincial_Junior_Hockey_League.html,,,,,,,,Huntsville Otters,,,Huntsville,1990,Canada Summit Centre,,
Provincial Junior Hockey League,Provincial_Junior_Hockey_League.html,,,,,,,,Innisfil Spartans,,,Innisfil,2022,Innisfil Recreation Complex,,
Provincial Junior Hockey League,Provincial_Junior_Hockey_League.html,,,,,,,,Midland Flyers,,,Midland,1978,North Simcoe Sports & Recreation Centre,,
Provincial Junior Hockey League,Provincial_Junior_Hockey_League.html,,,,,,,,Muskoka Bears,,,Bracebridge,2024,Muskoka Lumber Community Centre,,
Provincial Junior Hockey League,Provincial_Junior_Hockey_League.html,,,,,,,,Orillia Terriers,,,Orillia,2013,West Orillia Sports Complex,,
Provincial Junior Hockey League,Provincial_Junior_Hockey_League.html,,,,,,,,Penetang Kings,,,Penetanguishene,1977,Penetanguishene Memorial Community Centre,,
Provincial Junior Hockey League,Provincial_Junior_Hockey_League.html,,,,,,,,Stayner Siskins,,,Stayner,1972,Stayner Memorial Arena,,
Provincial Junior Hockey League,Provincial_Junior_Hockey_League.html,,,,,,,,Pollock Division,Pollock Division,,Pollock Division,Pollock Division,Pollock Division,,
Provincial Junior Hockey League,Provincial_Junior_Hockey_League.html,,,,,,,,Team,,,Centre,Founded,Arena,,
Provincial Junior Hockey League,Provincial_Junior_Hockey_League.html,,,,,,,,Fergus Whalers,,,Fergus,2023,Centre Wellington Community Sportsplex,,
Provincial Junior Hockey League,Provincial_Junior_Hockey_League.html,,,,,,,,Hanover Barons,,,Hanover,1964,P&H Centre,,
Provincial Junior Hockey League,Provincial_Junior_Hockey_League.html,,,,,,,,Kincardine Bulldogs,,,Kincardine,1994,Davidson Centre Arena,,
Provincial Junior Hockey League,Provincial_Junior_Hockey_League.html,,,,,,,,Mitchell Hawks,,,Mitchell,1966,Mitchell & District Arena,,
Provincial Junior Hockey League,Provincial_Junior_Hockey_League.html,,,,,,,,Mount Forest Patriots,,,Mount Forest,1987,Mount Forest & District Community Centre,,
Provincial Junior Hockey League,Provincial_Junior_Hockey_League.html,,,,,,,,Walkerton Capitals,,,Walkerton,1976,Walkerton Community Centre,,
Provincial Junior Hockey League,Provincial_Junior_Hockey_League.html,,,,,,,,Wingham Ironmen,,,Wingham,1975,North Huron Wescast Community Complex,,
Provincial Junior Hockey League,Provincial_Junior_Hockey_League.html,,,,,,,,South Conference,South Conference,,South Conference,South Conference,South Conference,,
Provincial Junior Hockey League,Provincial_Junior_Hockey_League.html,,,,,,,,Doherty Division,Doherty Division,,Doherty Division,Doherty Division,Doherty Division,,
Provincial Junior Hockey League,Provincial_Junior_Hockey_League.html,,,,,,,,Team,,,Centre,Founded,Arena,,
Provincial Junior Hockey League,Provincial_Junior_Hockey_League.html,,,,,,,,Dorchester Dolphins,,,Dorchester,2012,The Flight Exec Centre,,
Provincial Junior Hockey League,Provincial_Junior_Hockey_League.html,,,,,,,,Hespeler Shamrocks,,,Hespeler,1959,Hespeler Memorial Arena,,
Provincial Junior Hockey League,Provincial_Junior_Hockey_League.html,,,,,,,,New Hamburg Firebirds,,,New Hamburg,1953,Wilmot Township Arena,,
Provincial Junior Hockey League,Provincial_Junior_Hockey_League.html,,,,,,,,Norwich Merchants,,,Norwich,1968,Norwich Community Centre,,
Provincial Junior Hockey League,Provincial_Junior_Hockey_League.html,,,,,,,,Paris Titans,,,Paris,1985,Brant Sports Complex,,
Provincial Junior Hockey League,Provincial_Junior_Hockey_League.html,,,,,,,,Tavistock Braves,,,Tavistock,1970,Tavistock & District Recreation Centre,,
Provincial Junior Hockey League,Provincial_Junior_Hockey_League.html,,,,,,,,Wellesley Applejacks,,,Wellesley,1987,Wellesley Arena,,
Provincial Junior Hockey League,Provincial_Junior_Hockey_League.html,,,,,,,,Woodstock Navy-Vets,,,Woodstock,1966,Woodstock District Community Complex,,
Provincial Junior Hockey League,Provincial_Junior_Hockey_League.html,,,,,,,,Bloomfield Division,Bloomfield Division,,Bloomfield Division,Bloomfield Division,Bloomfield Division,,
Provincial Junior Hockey League,Provincial_Junior_Hockey_League.html,,,,,,,,Team,,,Centre,Founded,Arena,,
Provincial Junior Hockey League,Provincial_Junior_Hockey_League.html,,,,,,,,Dundas Blues,,,Dundas,1963,J.L.Grightmire Arena,,
Provincial Junior Hockey League,Provincial_Junior_Hockey_League.html,,,,,,,,Dunnville Jr. Mudcats,,,Dunnville,1974,Dunnville Memorial Arena,,
Provincial Junior Hockey League,Provincial_Junior_Hockey_League.html,,,,,,,,Glanbrook Rangers,,,Glanbrook,1975,Glanbrook Arena,,
Provincial Junior Hockey League,Provincial_Junior_Hockey_League.html,,,,,,,,Grimsby Peach Kings,,,Grimsby,1922,Peach King Centre,,
Provincial Junior Hockey League,Provincial_Junior_Hockey_League.html,,,,,,,,Hagersville Hawks,,,Hagersville,1992,Hagersville Memorial Arena,,
Provincial Junior Hockey League,Provincial_Junior_Hockey_League.html,,,,,,,,Niagara Riverhawks,,,Chippawa,1987,Gale Centre,,
Provincial Junior Hockey League,Provincial_Junior_Hockey_League.html,,,,,,,,Port Dover Sailors,,,Port Dover,1988,Port Dover & Area Arena,,
Provincial Junior Hockey League,Provincial_Junior_Hockey_League.html,,,,,,,,Streetsville Derbys,,,Streetsville,2024,Vic Johnston Community Centre,,
Provincial Junior Hockey League,Provincial_Junior_Hockey_League.html,,,,,,,,East Conference,East Conference,,East Conference,East Conference,East Conference,,
Provincial Junior Hockey League,Provincial_Junior_Hockey_League.html,,,,,,,,Orr Division,Orr Division,,Orr Division,Orr Division,Orr Division,,
Provincial Junior Hockey League,Provincial_Junior_Hockey_League.html,,,,,,,,Team,,,Centre,Founded,Arena,,
Provincial Junior Hockey League,Provincial_Junior_Hockey_League.html,,,,,,,,Caledon Golden Hawks,,,Caledon,2010,Caledon East Arena,,
Provincial Junior Hockey League,Provincial_Junior_Hockey_League.html,,,,,,,,Clarington Eagles,,,Bowmanville,2011,Garnet B. Rickard Recreation Complex,,
Provincial Junior Hockey League,Provincial_Junior_Hockey_League.html,,,,,,,,Georgina Ice,,,Keswick,1994,Georgina Ice Palace,,
Provincial Junior Hockey League,Provincial_Junior_Hockey_League.html,,,,,,,,Little Britain Merchants,,,Little Britain,1978,Little Britain Community Centre,,
Provincial Junior Hockey League,Provincial_Junior_Hockey_League.html,,,,,,,,Port Perry Lumberjacks,,,Port Perry,1972,Scugog Community Recreation Centre,,
Provincial Junior Hockey League,Provincial_Junior_Hockey_League.html,,,,,,,,Schomberg Cougars,,,Schomberg,1969,Trisan Centre,,
Provincial Junior Hockey League,Provincial_Junior_Hockey_League.html,,,,,,,,Uxbridge Bruins,,,Uxbridge,1975,Uxbridge Arena and Recreation Centre,,
Provincial Junior Hockey League,Provincial_Junior_Hockey_League.html,,,,,,,,Tod Division,Tod Division,,Tod Division,Tod Division,Tod Division,,
Provincial Junior Hockey League,Provincial_Junior_Hockey_League.html,,,,,,,,Team,,,Centre,Founded,Arena,,
Provincial Junior Hockey League,Provincial_Junior_Hockey_League.html,,,,,,,,Amherstview Jets,,,Amherstview,1989,W J Henderson Recreation Centre,,
Provincial Junior Hockey League,Provincial_Junior_Hockey_League.html,,,,,,,,Frankford Huskies,,,Frankford,2021,Frankford Arena,,
Provincial Junior Hockey League,Provincial_Junior_Hockey_League.html,,,,,,,,Lakefield Chiefs,,,Lakefield,1980,Lakefield-Smith Community Centre,,
Provincial Junior Hockey League,Provincial_Junior_Hockey_League.html,,,,,,,,Napanee Raiders,,,Napanee,1989,Strathcona Paper Centre,,
Provincial Junior Hockey League,Provincial_Junior_Hockey_League.html,,,,,,,,Picton Pirates,,,Picton,1989,Prince Edward Community Centre,,
Provincial Junior Hockey League,Provincial_Junior_Hockey_League.html,,,,,,,,Port Hope Panthers,,,Port Hope,2004,Jack Burger Sports Complex,,
Provincial Junior Hockey League,Provincial_Junior_Hockey_League.html,,,,,,,,Trent Hills Thunder,,,Campbellford,1992,Campbellford-Seymour Arena,,
Provincial Junior Hockey League,Provincial_Junior_Hockey_League.html,,,,,,,,West Conference,West Conference,,West Conference,West Conference,West Conference,,
Provincial Junior Hockey League,Provincial_Junior_Hockey_League.html,,,,,,,,Stobbs Division,Stobbs Division,,Stobbs Division,Stobbs Division,Stobbs Division,,
Provincial Junior Hockey League,Provincial_Junior_Hockey_League.html,,,,,,,,Team,,,Centre,Founded,Arena,,
Provincial Junior Hockey League,Provincial_Junior_Hockey_League.html,,,,,,,,Amherstburg Admirals,,,Amherstburg,1987,Libro Centre,,
Provincial Junior Hockey League,Provincial_Junior_Hockey_League.html,,,,,,,,Blenheim Blades,,,Blenheim,1968,Blenheim Community & Recreation Centre,,
Provincial Junior Hockey League,Provincial_Junior_Hockey_League.html,,,,,,,,Dresden Jr. Kings,,,Dresden,1959,Lambton-Kent Memorial Arena,,
Provincial Junior Hockey League,Provincial_Junior_Hockey_League.html,,,,,,,,Essex 73's,,,Essex,1973,Essex Centre Sports Complex,,
Provincial Junior Hockey League,Provincial_Junior_Hockey_League.html,,,,,,,,Lakeshore Canadiens,,,Belle River,1978,Atlas Tube Centre,,
Provincial Junior Hockey League,Provincial_Junior_Hockey_League.html,,,,,,,,Mooretown Flags,,,Mooretown,1971,Mooretown Sports Complex,,
Provincial Junior Hockey League,Provincial_Junior_Hockey_League.html,,,,,,,,Walpole Island Wild,,,Walpole Island,1972,Walpole Island Sports Complex,,
Provincial Junior Hockey League,Provincial_Junior_Hockey_League.html,,,,,,,,Wheatley Sharks,,,Wheatley,1995,Wheatley Area Arena,,
Provincial Junior Hockey League,Provincial_Junior_Hockey_League.html,,,,,,,,Yeck Division,Yeck Division,,Yeck Division,Yeck Division,Yeck Division,,
Provincial Junior Hockey League,Provincial_Junior_Hockey_League.html,,,,,,,,Team,,,Centre,Founded,Arena,,
Provincial Junior Hockey League,Provincial_Junior_Hockey_League.html,,,,,,,,Aylmer Spitfires,,,Aylmer,1974,East Elgin Community Complex,,
Provincial Junior Hockey League,Provincial_Junior_Hockey_League.html,,,,,,,,Exeter Hawks,,,Exeter,1961,South Huron Recreation Centre,,
Provincial Junior Hockey League,Provincial_Junior_Hockey_League.html,,,,,,,,Lucan Irish,,,Lucan,1968,Lucan Community Memorial Centre,,
Provincial Junior Hockey League,Provincial_Junior_Hockey_League.html,,,,,,,,Mount Brydges Bulldogs,,,Mount Brydges,1975,Tri-Township Arena,,
Provincial Junior Hockey League,Provincial_Junior_Hockey_League.html,,,,,,,,North Middlesex Stars,,,Parkhill,1993,North Middlesex Arena,,
Provincial Junior Hockey League,Provincial_Junior_Hockey_League.html,,,,,,,,Petrolia Flyers,,,Petrolia,1988,Greenwood Recreation Centre,,
Provincial Junior Hockey League,Provincial_Junior_Hockey_League.html,,,,,,,,Port Stanley Sailors,,,Port Stanley,1969,Port Stanley Arena,,
Provincial Junior Hockey League,Provincial_Junior_Hockey_League.html,,,,,,,,Thamesford Trojans,,,Thamesford,1976,Thamesford Area Recreation Centre,,
Provincial Junior Hockey League,Provincial_Junior_Hockey_League.html,,,,,,,,North Conference,North Conference,,North Conference,North Conference,North Conference,,
Provincial Junior Hockey League,Provincial_Junior_Hockey_League.html,,,,,,,,Carruthers Division,Carruthers Division,,Carruthers Division,Carruthers Division,Carruthers Division,,
Provincial Junior Hockey League,Provincial_Junior_Hockey_League.html,,,,,,,,Team,,,Centre,Founded,Arena,,
Provincial Junior Hockey League,Provincial_Junior_Hockey_League.html,,,,,,,,Alliston Hornets,,,Alliston,1971,New Tecumseth Recreation Complex,,
Provincial Junior Hockey League,Provincial_Junior_Hockey_League.html,,,,,,,,Huntsville Otters,,,Huntsville,1990,Canada Summit Centre,,
Provincial Junior Hockey League,Provincial_Junior_Hockey_League.html,,,,,,,,Innisfil Spartans,,,Innisfil,2022,Innisfil Recreation Complex,,
Provincial Junior Hockey League,Provincial_Junior_Hockey_League.html,,,,,,,,Midland Flyers,,,Midland,1978,North Simcoe Sports & Recreation Centre,,
Provincial Junior Hockey League,Provincial_Junior_Hockey_League.html,,,,,,,,Muskoka Bears,,,Bracebridge,2024,Muskoka Lumber Community Centre,,
Provincial Junior Hockey League,Provincial_Junior_Hockey_League.html,,,,,,,,Orillia Terriers,,,Orillia,2013,West Orillia Sports Complex,,
Provincial Junior Hockey League,Provincial_Junior_Hockey_League.html,,,,,,,,Penetang Kings,,,Penetanguishene,1977,Penetanguishene Memorial Community Centre,,
Provincial Junior Hockey League,Provincial_Junior_Hockey_League.html,,,,,,,,Stayner Siskins,,,Stayner,1972,Stayner Memorial Arena,,
Provincial Junior Hockey League,Provincial_Junior_Hockey_League.html,,,,,,,,Pollock Division,Pollock Division,,Pollock Division,Pollock Division,Pollock Division,,
Provincial Junior Hockey League,Provincial_Junior_Hockey_League.html,,,,,,,,Team,,,Centre,Founded,Arena,,
Provincial Junior Hockey League,Provincial_Junior_Hockey_League.html,,,,,,,,Fergus Whalers,,,Fergus,2023,Centre Wellington Community Sportsplex,,
Provincial Junior Hockey League,Provincial_Junior_Hockey_League.html,,,,,,,,Hanover Barons,,,Hanover,1964,P&H Centre,,
Provincial Junior Hockey League,Provincial_Junior_Hockey_League.html,,,,,,,,Kincardine Bulldogs,,,Kincardine,1994,Davidson Centre Arena,,
Provincial Junior Hockey League,Provincial_Junior_Hockey_League.html,,,,,,,,Mitchell Hawks,,,Mitchell,1966,Mitchell & District Arena,,
Provincial Junior Hockey League,Provincial_Junior_Hockey_League.html,,,,,,,,Mount Forest Patriots,,,Mount Forest,1987,Mount Forest & District Community Centre,,
Provincial Junior Hockey League,Provincial_Junior_Hockey_League.html,,,,,,,,Walkerton Capitals,,,Walkerton,1976,Walkerton Community Centre,,
Provincial Junior Hockey League,Provincial_Junior_Hockey_League.html,,,,,,,,Wingham Ironmen,,,Wingham,1975,North Huron Wescast Community Complex,,
Provincial Junior Hockey League,Provincial_Junior_Hockey_League.html,,,,,,,,South Conference,South Conference,,South Conference,South Conference,South Conference,,
Provincial Junior Hockey League,Provincial_Junior_Hockey_League.html,,,,,,,,Doherty Division,Doherty Division,,Doherty Division,Doherty Division,Doherty Division,,
Provincial Junior Hockey League,Provincial_Junior_Hockey_League.html,,,,,,,,Team,,,Centre,Founded,Arena,,
Provincial Junior Hockey League,Provincial_Junior_Hockey_League.html,,,,,,,,Dorchester Dolphins,,,Dorchester,2012,The Flight Exec Centre,,
Provincial Junior Hockey League,Provincial_Junior_Hockey_League.html,,,,,,,,Hespeler Shamrocks,,,Hespeler,1959,Hespeler Memorial Arena,,
Provincial Junior Hockey League,Provincial_Junior_Hockey_League.html,,,,,,,,New Hamburg Firebirds,,,New Hamburg,1953,Wilmot Township Arena,,
Provincial Junior Hockey League,Provincial_Junior_Hockey_League.html,,,,,,,,Norwich Merchants,,,Norwich,1968,Norwich Community Centre,,
Provincial Junior Hockey League,Provincial_Junior_Hockey_League.html,,,,,,,,Paris Titans,,,Paris,1985,Brant Sports Complex,,
Provincial Junior Hockey League,Provincial_Junior_Hockey_League.html,,,,,,,,Tavistock Braves,,,Tavistock,1970,Tavistock & District Recreation Centre,,
Provincial Junior Hockey League,Provincial_Junior_Hockey_League.html,,,,,,,,Wellesley Applejacks,,,Wellesley,1987,Wellesley Arena,,
Provincial Junior Hockey League,Provincial_Junior_Hockey_League.html,,,,,,,,Woodstock Navy-Vets,,,Woodstock,1966,Woodstock District Community Complex,,
Provincial Junior Hockey League,Provincial_Junior_Hockey_League.html,,,,,,,,Bloomfield Division,Bloomfield Division,,Bloomfield Division,Bloomfield Division,Bloomfield Division,,
Provincial Junior Hockey League,Provincial_Junior_Hockey_League.html,,,,,,,,Team,,,Centre,Founded,Arena,,
Provincial Junior Hockey League,Provincial_Junior_Hockey_League.html,,,,,,,,Dundas Blues,,,Dundas,1963,J.L.Grightmire Arena,,
Provincial Junior Hockey League,Provincial_Junior_Hockey_League.html,,,,,,,,Dunnville Jr. Mudcats,,,Dunnville,1974,Dunnville Memorial Arena,,
Provincial Junior Hockey League,Provincial_Junior_Hockey_League.html,,,,,,,,Glanbrook Rangers,,,Glanbrook,1975,Glanbrook Arena,,
Provincial Junior Hockey League,Provincial_Junior_Hockey_League.html,,,,,,,,Grimsby Peach Kings,,,Grimsby,1922,Peach King Centre,,
Provincial Junior Hockey League,Provincial_Junior_Hockey_League.html,,,,,,,,Hagersville Hawks,,,Hagersville,1992,Hagersville Memorial Arena,,
Provincial Junior Hockey League,Provincial_Junior_Hockey_League.html,,,,,,,,Niagara Riverhawks,,,Chippawa,1987,Gale Centre,,
Provincial Junior Hockey League,Provincial_Junior_Hockey_League.html,,,,,,,,Port Dover Sailors,,,Port Dover,1988,Port Dover & Area Arena,,
Provincial Junior Hockey League,Provincial_Junior_Hockey_League.html,,,,,,,,Streetsville Derbys,,,Streetsville,2024,Vic Johnston Community Centre,,
Provincial Junior Hockey League,Provincial_Junior_Hockey_League.html,,,,,,,,East Conference,East Conference,,East Conference,East Conference,East Conference,,
Provincial Junior Hockey League,Provincial_Junior_Hockey_League.html,,,,,,,,Orr Division,Orr Division,,Orr Division,Orr Division,Orr Division,,
Provincial Junior Hockey League,Provincial_Junior_Hockey_League.html,,,,,,,,Team,,,Centre,Founded,Arena,,
Provincial Junior Hockey League,Provincial_Junior_Hockey_League.html,,,,,,,,Caledon Golden Hawks,,,Caledon,2010,Caledon East Arena,,
Provincial Junior Hockey League,Provincial_Junior_Hockey_League.html,,,,,,,,Clarington Eagles,,,Bowmanville,2011,Garnet B. Rickard Recreation Complex,,
Provincial Junior Hockey League,Provincial_Junior_Hockey_League.html,,,,,,,,Georgina Ice,,,Keswick,1994,Georgina Ice Palace,,
Provincial Junior Hockey League,Provincial_Junior_Hockey_League.html,,,,,,,,Little Britain Merchants,,,Little Britain,1978,Little Britain Community Centre,,
Provincial Junior Hockey League,Provincial_Junior_Hockey_League.html,,,,,,,,Port Perry Lumberjacks,,,Port Perry,1972,Scugog Community Recreation Centre,,
Provincial Junior Hockey League,Provincial_Junior_Hockey_League.html,,,,,,,,Schomberg Cougars,,,Schomberg,1969,Trisan Centre,,
Provincial Junior Hockey League,Provincial_Junior_Hockey_League.html,,,,,,,,Uxbridge Bruins,,,Uxbridge,1975,Uxbridge Arena and Recreation Centre,,
Provincial Junior Hockey League,Provincial_Junior_Hockey_League.html,,,,,,,,Tod Division,Tod Division,,Tod Division,Tod Division,Tod Division,,
Provincial Junior Hockey League,Provincial_Junior_Hockey_League.html,,,,,,,,Team,,,Centre,Founded,Arena,,
Provincial Junior Hockey League,Provincial_Junior_Hockey_League.html,,,,,,,,Amherstview Jets,,,Amherstview,1989,W J Henderson Recreation Centre,,
Provincial Junior Hockey League,Provincial_Junior_Hockey_League.html,,,,,,,,Frankford Huskies,,,Frankford,2021,Frankford Arena,,
Provincial Junior Hockey League,Provincial_Junior_Hockey_League.html,,,,,,,,Lakefield Chiefs,,,Lakefield,1980,Lakefield-Smith Community Centre,,
Provincial Junior Hockey League,Provincial_Junior_Hockey_League.html,,,,,,,,Napanee Raiders,,,Napanee,1989,Strathcona Paper Centre,,
Provincial Junior Hockey League,Provincial_Junior_Hockey_League.html,,,,,,,,Picton Pirates,,,Picton,1989,Prince Edward Community Centre,,
Provincial Junior Hockey League,Provincial_Junior_Hockey_League.html,,,,,,,,Port Hope Panthers,,,Port Hope,2004,Jack Burger Sports Complex,,
Provincial Junior Hockey League,Provincial_Junior_Hockey_League.html,,,,,,,,Trent Hills Thunder,,,Campbellford,1992,Campbellford-Seymour Arena,,
Provincial Junior Hockey League,Provincial_Junior_Hockey_League.html,,,,,,,,West Conference,West Conference,,West Conference,West Conference,West Conference,,
Provincial Junior Hockey League,Provincial_Junior_Hockey_League.html,,,,,,,,Stobbs Division,Stobbs Division,,Stobbs Division,Stobbs Division,Stobbs Division,,
Provincial Junior Hockey League,Provincial_Junior_Hockey_League.html,,,,,,,,Team,,,Centre,Founded,Arena,,
Provincial Junior Hockey League,Provincial_Junior_Hockey_League.html,,,,,,,,Amherstburg Admirals,,,Amherstburg,1987,Libro Centre,,
Provincial Junior Hockey League,Provincial_Junior_Hockey_League.html,,,,,,,,Blenheim Blades,,,Blenheim,1968,Blenheim Community & Recreation Centre,,
Provincial Junior Hockey League,Provincial_Junior_Hockey_League.html,,,,,,,,Dresden Jr. Kings,,,Dresden,1959,Lambton-Kent Memorial Arena,,
Provincial Junior Hockey League,Provincial_Junior_Hockey_League.html,,,,,,,,Essex 73's,,,Essex,1973,Essex Centre Sports Complex,,
Provincial Junior Hockey League,Provincial_Junior_Hockey_League.html,,,,,,,,Lakeshore Canadiens,,,Belle River,1978,Atlas Tube Centre,,
Provincial Junior Hockey League,Provincial_Junior_Hockey_League.html,,,,,,,,Mooretown Flags,,,Mooretown,1971,Mooretown Sports Complex,,
Provincial Junior Hockey League,Provincial_Junior_Hockey_League.html,,,,,,,,Walpole Island Wild,,,Walpole Island,1972,Walpole Island Sports Complex,,
Provincial Junior Hockey League,Provincial_Junior_Hockey_League.html,,,,,,,,Wheatley Sharks,,,Wheatley,1995,Wheatley Area Arena,,
Provincial Junior Hockey League,Provincial_Junior_Hockey_League.html,,,,,,,,Yeck Division,Yeck Division,,Yeck Division,Yeck Division,Yeck Division,,
Provincial Junior Hockey League,Provincial_Junior_Hockey_League.html,,,,,,,,Team,,,Centre,Founded,Arena,,
Provincial Junior Hockey League,Provincial_Junior_Hockey_League.html,,,,,,,,Aylmer Spitfires,,,Aylmer,1974,East Elgin Community Complex,,
Provincial Junior Hockey League,Provincial_Junior_Hockey_League.html,,,,,,,,Exeter Hawks,,,Exeter,1961,South Huron Recreation Centre,,
Provincial Junior Hockey League,Provincial_Junior_Hockey_League.html,,,,,,,,Lucan Irish,,,Lucan,1968,Lucan Community Memorial Centre,,
Provincial Junior Hockey League,Provincial_Junior_Hockey_League.html,,,,,,,,Mount Brydges Bulldogs,,,Mount Brydges,1975,Tri-Township Arena,,
Provincial Junior Hockey League,Provincial_Junior_Hockey_League.html,,,,,,,,North Middlesex Stars,,,Parkhill,1993,North Middlesex Arena,,
Provincial Junior Hockey League,Provincial_Junior_Hockey_League.html,,,,,,,,Petrolia Flyers,,,Petrolia,1988,Greenwood Recreation Centre,,
Provincial Junior Hockey League,Provincial_Junior_Hockey_League.html,,,,,,,,Port Stanley Sailors,,,Port Stanley,1969,Port Stanley Arena,,
Provincial Junior Hockey League,Provincial_Junior_Hockey_League.html,,,,,,,,Thamesford Trojans,,,Thamesford,1976,Thamesford Area Recreation Centre,,
Qu Appelle Valley Hockey League,Qu_Appelle_Valley_Hockey_League.html,,,,,,,,,,,,,,Balcarres Broncs,1960
Qu Appelle Valley Hockey League,Qu_Appelle_Valley_Hockey_League.html,,,,,,,,,,,,,,Balgonie Bisons,1968
Qu Appelle Valley Hockey League,Qu_Appelle_Valley_Hockey_League.html,,,,,,,,,,,,,,Bethune Bulldogs,
Qu Appelle Valley Hockey League,Qu_Appelle_Valley_Hockey_League.html,,,,,,,,,,,,,,Grenfell Spitfires,
Qu Appelle Valley Hockey League,Qu_Appelle_Valley_Hockey_League.html,,,,,,,,,,,,,,Lumsden Monarchs,
Qu Appelle Valley Hockey League,Qu_Appelle_Valley_Hockey_League.html,,,,,,,,,,,,,,Raymore Rockets,
Qu Appelle Valley Hockey League,Qu_Appelle_Valley_Hockey_League.html,,,,,,,,,,,,,,Southey Marlins,
Qu Appelle Valley Hockey League,Qu_Appelle_Valley_Hockey_League.html,,,,,,,,,,,,,,Junior C Teams,Formed
Qu Appelle Valley Hockey League,Qu_Appelle_Valley_Hockey_League.html,,,,,,,,,,,,,,Caronport Aviators,2024
Qu Appelle Valley Hockey League,Qu_Appelle_Valley_Hockey_League.html,,,,,,,,,,,,,,Davidson Jr Cyclones,2025
Qu Appelle Valley Hockey League,Qu_Appelle_Valley_Hockey_League.html,,,,,,,,,,,,,,Emerald Park Wizards,2018
Qu Appelle Valley Hockey League,Qu_Appelle_Valley_Hockey_League.html,,,,,,,,,,,,,,Kelliher Komets,2023
Qu Appelle Valley Hockey League,Qu_Appelle_Valley_Hockey_League.html,,,,,,,,,,,,,,Lumsden Lumberjaxx,2007
Qu Appelle Valley Hockey League,Qu_Appelle_Valley_Hockey_League.html,,,,,,,,,,,,,,Regina River Rats,2014
Qu Appelle Valley Hockey League,Qu_Appelle_Valley_Hockey_League.html,,,,,,,,,,,,,,Strasbourg Maroons,2024
Qu Appelle Valley Hockey League,Qu_Appelle_Valley_Hockey_League.html,,,,,,,,,,,,,,Wolseley Mustangs,2017
Qu Appelle Valley Hockey League,Qu_Appelle_Valley_Hockey_League.html,,,,,,,,,,,,,,Yellow Grass Wheat Kings,2017
