League,Source file,0,1,2,3,4,5,6,Conference,Division,Team,City,Arena,Founded,Joined
Ontario Hockey League,Ontario_Hockey_League.html,"Ontario Hockey League Eastern Conference Division Team City Arena East Brantford Bulldogs Brantford, Ontario TD Civic Centre Kingston Frontenacs Kingston, Ontario Slush Puppie Place Oshawa Generals Oshawa, Ontario Tribute Communities Centre Ottawa 67's Ottawa, Ontario TD Place Arena Peterborough Petes Peterborough, Ontario Peterborough Memorial Centre Central Barrie Colts Barrie, Ontario Sadlon Arena Brampton Steelheads Brampton, Ontario CAA Centre Niagara IceDogs St. Catharines, Ontario Meridian Centre North Bay Battalion North Bay, Ontario Boart Longyear Memorial Gardens Sudbury Wolves Greater Sudbury, Ontario Sudbury Community Arena Western Conference Division Team City Arena Midwest Erie Otters Erie, Pennsylvania Erie Insurance Arena Guelph Storm Guelph, Ontario Sleeman Centre Kitchener Rangers Kitchener, Ontario Kitchener Memorial Auditorium Complex London Knights London, Ontario Canada Life Place Owen Sound Attack Owen Sound, Ontario Harry Lumley Bayshore Community Centre West Flint Firebirds Flint, Michigan Dort Federal Credit Union Event Center Saginaw Spirit Saginaw, Michigan Dow Event Center Sarnia Sting Sarnia, Ontario Progressive Auto Sales Arena Sault Ste. Marie Greyhounds Sault Ste. Marie, Ontario GFL Memorial Gardens Windsor Spitfires Windsor, Ontario WFCU Centre",100km 62milesWindsorSault Ste. MarieSarniaSaginawFlintOwen SoundLondonKitchenerGuelphErieSudburyNorth BayNiagaraBramptonBarriePeterboroughOttawaOshawaKingstonBrantford Team locations as of the 2025-26 season.  East Division Central Division Midwest Division West Division,,,,,,,,,,,,
Ontario Hockey League,Ontario_Hockey_League.html,Ontario Hockey League,Ontario Hockey League,Ontario Hockey League,Ontario Hockey League,Ontario Hockey League,Ontario Hockey League,Ontario Hockey League,,,,,,,
Ontario Hockey League,Ontario_Hockey_League.html,Eastern Conference,Eastern Conference,Eastern Conference,Eastern Conference,Eastern Conference,Eastern Conference,Eastern Conference,,,,,,,
Ontario Hockey League,Ontario_Hockey_League.html,Division,Team,City,Arena,,,,,,,,,,
Ontario Hockey League,Ontario_Hockey_League.html,East,Brantford Bulldogs,"Brantford, Ontario",TD Civic Centre,,,,,,,,,,
Ontario Hockey League,Ontario_Hockey_League.html,East,Kingston Frontenacs,"Kingston, Ontario",Slush Puppie Place,,,,,,,,,,
Ontario Hockey League,Ontario_Hockey_League.html,East,Oshawa Generals,"Oshawa, Ontario",Tribute Communities Centre,,,,,,,,,,
Ontario Hockey League,Ontario_Hockey_League.html,East,Ottawa 67's,"Ottawa, Ontario",TD Place Arena,,,,,,,,,,
Ontario Hockey League,Ontario_Hockey_League.html,East,Peterborough Petes,"Peterborough, Ontario",Peterborough Memorial Centre,,,,,,,,,,
Ontario Hockey League,Ontario_Hockey_League.html,Central,Barrie Colts,"Barrie, Ontario",Sadlon Arena,,,,,,,,,,
Ontario Hockey League,Ontario_Hockey_League.html,Central,Brampton Steelheads,"Brampton, Ontario",CAA Centre,,,,,,,,,,
Ontario Hockey League,Ontario_Hockey_League.html,Central,Niagara IceDogs,"St. Catharines, Ontario",Meridian Centre,,,,,,,,,,
Ontario Hockey League,Ontario_Hockey_League.html,Central,North Bay Battalion,"North Bay, Ontario",Boart Longyear Memorial Gardens,,,,,,,,,,
Ontario Hockey League,Ontario_Hockey_League.html,Central,Sudbury Wolves,"Greater Sudbury, Ontario",Sudbury Community Arena,,,,,,,,,,
Ontario Hockey League,Ontario_Hockey_League.html,Western Conference,Western Conference,Western Conference,Western Conference,Western Conference,Western Conference,Western Conference,,,,,,,
Ontario Hockey League,Ontario_Hockey_League.html,Division,Team,City,Arena,,,,,,,,,,
Ontario Hockey League,Ontario_Hockey_League.html,Midwest,Erie Otters,"Erie, Pennsylvania",Erie Insurance Arena,,,,,,,,,,
Ontario Hockey League,Ontario_Hockey_League.html,Midwest,Guelph Storm,"Guelph, Ontario",Sleeman Centre,,,,,,,,,,
Ontario Hockey League,Ontario_Hockey_League.html,Midwest,Kitchener Rangers,"Kitchener, Ontario",Kitchener Memorial Auditorium Complex,,,,,,,,,,
Ontario Hockey League,Ontario_Hockey_League.html,Midwest,London Knights,"London, Ontario",Canada Life Place,,,,,,,,,,
Ontario Hockey League,Ontario_Hockey_League.html,Midwest,Owen Sound Attack,"Owen Sound, Ontario",Harry Lumley Bayshore Community Centre,,,,,,,,,,
Ontario Hockey League,Ontario_Hockey_League.html,West,Flint Firebirds,"Flint, Michigan",Dort Federal Credit Union Event Center,,,,,,,,,,
Ontario Hockey League,Ontario_Hockey_League.html,West,Saginaw Spirit,"Saginaw, Michigan",Dow Event Center,,,,,,,,,,
Ontario Hockey League,Ontario_Hockey_League.html,West,Sarnia Sting,"Sarnia, Ontario",Progressive Auto Sales Arena,,,,,,,,,,
Ontario Hockey League,Ontario_Hockey_League.html,West,Sault Ste. Marie Greyhounds,"Sault Ste. Marie, Ontario",GFL Memorial Gardens,,,,,,,,,,
Ontario Hockey League,Ontario_Hockey_League.html,West,Windsor Spitfires,"Windsor, Ontario",WFCU Centre,,,,,,,,,,
Ontario Hockey League,Ontario_Hockey_League.html,Ontario Hockey League,Ontario Hockey League,Ontario Hockey League,Ontario Hockey League,Ontario Hockey League,Ontario Hockey League,Ontario Hockey League,,,,,,,
Ontario Hockey League,Ontario_Hockey_League.html,Eastern Conference,Eastern Conference,Eastern Conference,Eastern Conference,Eastern Conference,Eastern Conference,Eastern Conference,,,,,,,
Ontario Hockey League,Ontario_Hockey_League.html,Division,Team,City,Arena,,,,,,,,,,
Ontario Hockey League,Ontario_Hockey_League.html,East,Brantford Bulldogs,"Brantford, Ontario",TD Civic Centre,,,,,,,,,,
Ontario Hockey League,Ontario_Hockey_League.html,East,Kingston Frontenacs,"Kingston, Ontario",Slush Puppie Place,,,,,,,,,,
Ontario Hockey League,Ontario_Hockey_League.html,East,Oshawa Generals,"Oshawa, Ontario",Tribute Communities Centre,,,,,,,,,,
Ontario Hockey League,Ontario_Hockey_League.html,East,Ottawa 67's,"Ottawa, Ontario",TD Place Arena,,,,,,,,,,
Ontario Hockey League,Ontario_Hockey_League.html,East,Peterborough Petes,"Peterborough, Ontario",Peterborough Memorial Centre,,,,,,,,,,
Ontario Hockey League,Ontario_Hockey_League.html,Central,Barrie Colts,"Barrie, Ontario",Sadlon Arena,,,,,,,,,,
Ontario Hockey League,Ontario_Hockey_League.html,Central,Brampton Steelheads,"Brampton, Ontario",CAA Centre,,,,,,,,,,
Ontario Hockey League,Ontario_Hockey_League.html,Central,Niagara IceDogs,"St. Catharines, Ontario",Meridian Centre,,,,,,,,,,
Ontario Hockey League,Ontario_Hockey_League.html,Central,North Bay Battalion,"North Bay, Ontario",Boart Longyear Memorial Gardens,,,,,,,,,,
Ontario Hockey League,Ontario_Hockey_League.html,Central,Sudbury Wolves,"Greater Sudbury, Ontario",Sudbury Community Arena,,,,,,,,,,
Ontario Hockey League,Ontario_Hockey_League.html,Western Conference,Western Conference,Western Conference,Western Conference,Western Conference,Western Conference,Western Conference,,,,,,,
Ontario Hockey League,Ontario_Hockey_League.html,Division,Team,City,Arena,,,,,,,,,,
Ontario Hockey League,Ontario_Hockey_League.html,Midwest,Erie Otters,"Erie, Pennsylvania",Erie Insurance Arena,,,,,,,,,,
Ontario Hockey League,Ontario_Hockey_League.html,Midwest,Guelph Storm,"Guelph, Ontario",Sleeman Centre,,,,,,,,,,
Ontario Hockey League,Ontario_Hockey_League.html,Midwest,Kitchener Rangers,"Kitchener, Ontario",Kitchener Memorial Auditorium Complex,,,,,,,,,,
Ontario Hockey League,Ontario_Hockey_League.html,Midwest,London Knights,"London, Ontario",Canada Life Place,,,,,,,,,,
Ontario Hockey League,Ontario_Hockey_League.html,Midwest,Owen Sound Attack,"Owen Sound, Ontario",Harry Lumley Bayshore Community Centre,,,,,,,,,,
Ontario Hockey League,Ontario_Hockey_League.html,West,Flint Firebirds,"Flint, Michigan",Dort Federal Credit Union Event Center,,,,,,,,,,
Ontario Hockey League,Ontario_Hockey_League.html,West,Saginaw Spirit,"Saginaw, Michigan",Dow Event Center,,,,,,,,,,
Ontario Hockey League,Ontario_Hockey_League.html,West,Sarnia Sting,"Sarnia, Ontario",Progressive Auto Sales Arena,,,,,,,,,,
Ontario Hockey League,Ontario_Hockey_League.html,West,Sault Ste. Marie Greyhounds,"Sault Ste. Marie, Ontario",GFL Memorial Gardens,,,,,,,,,,
Ontario Hockey League,Ontario_Hockey_League.html,West,Windsor Spitfires,"Windsor, Ontario",WFCU Centre,,,,,,,,,,
Quebec Maritimes Junior Hockey League,Quebec_Maritimes_Junior_Hockey_League.html,,,,,,,,Eastern,East,Baie-Comeau Drakkar,"Baie-Comeau, Quebec",Centre Henry-Leonard,,
Quebec Maritimes Junior Hockey League,Quebec_Maritimes_Junior_Hockey_League.html,,,,,,,,Eastern,East,Chicoutimi Saguenéens,"Saguenay, Quebec",Centre Georges-Vézina,,
Quebec Maritimes Junior Hockey League,Quebec_Maritimes_Junior_Hockey_League.html,,,,,,,,Eastern,East,Quebec Remparts,"Quebec City, Quebec",Centre Vidéotron,,
Quebec Maritimes Junior Hockey League,Quebec_Maritimes_Junior_Hockey_League.html,,,,,,,,Eastern,East,Rimouski Océanic,"Rimouski, Quebec",Colisée Financière Sun Life,,
Quebec Maritimes Junior Hockey League,Quebec_Maritimes_Junior_Hockey_League.html,,,,,,,,Eastern,Maritimes,Cape Breton Eagles,"Cape Breton Regional Municipality, Nova Scotia",Centre 200,,
Quebec Maritimes Junior Hockey League,Quebec_Maritimes_Junior_Hockey_League.html,,,,,,,,Eastern,Maritimes,Charlottetown Islanders,"Charlottetown, Prince Edward Island",Eastlink Centre,,
Quebec Maritimes Junior Hockey League,Quebec_Maritimes_Junior_Hockey_League.html,,,,,,,,Eastern,Maritimes,Halifax Mooseheads,"Halifax, Nova Scotia",Scotiabank Centre,,
Quebec Maritimes Junior Hockey League,Quebec_Maritimes_Junior_Hockey_League.html,,,,,,,,Eastern,Maritimes,Moncton Wildcats,"Moncton, New Brunswick",Avenir Centre,,
Quebec Maritimes Junior Hockey League,Quebec_Maritimes_Junior_Hockey_League.html,,,,,,,,Eastern,Maritimes,Newfoundland Regiment,"St. John's, Newfoundland and Labrador",Mary Brown's Centre,,
Quebec Maritimes Junior Hockey League,Quebec_Maritimes_Junior_Hockey_League.html,,,,,,,,Eastern,Maritimes,Saint John Sea Dogs,"Saint John, New Brunswick",TD Station,,
Quebec Maritimes Junior Hockey League,Quebec_Maritimes_Junior_Hockey_League.html,,,,,,,,Western,West,Blainville-Boisbriand Armada,"Boisbriand, Quebec",Centre d'Excellence Sports Rousseau,,
Quebec Maritimes Junior Hockey League,Quebec_Maritimes_Junior_Hockey_League.html,,,,,,,,Western,West,Gatineau Olympiques,"Gatineau, Quebec",Centre Slush Puppie,,
Quebec Maritimes Junior Hockey League,Quebec_Maritimes_Junior_Hockey_League.html,,,,,,,,Western,West,Rouyn-Noranda Huskies,"Rouyn-Noranda, Quebec",Aréna Glencore,,
Quebec Maritimes Junior Hockey League,Quebec_Maritimes_Junior_Hockey_League.html,,,,,,,,Western,West,Val-d'Or Foreurs,"Val-d'Or, Quebec",Centre Agnico Eagle,,
Quebec Maritimes Junior Hockey League,Quebec_Maritimes_Junior_Hockey_League.html,,,,,,,,Western,Central,Drummondville Voltigeurs,"Drummondville, Quebec",Centre Marcel Dionne,,
Quebec Maritimes Junior Hockey League,Quebec_Maritimes_Junior_Hockey_League.html,,,,,,,,Western,Central,Shawinigan Cataractes,"Shawinigan, Quebec",Centre Gervais Auto,,
Quebec Maritimes Junior Hockey League,Quebec_Maritimes_Junior_Hockey_League.html,,,,,,,,Western,Central,Sherbrooke Phoenix,"Sherbrooke, Quebec",Palais des Sports,,
Quebec Maritimes Junior Hockey League,Quebec_Maritimes_Junior_Hockey_League.html,,,,,,,,Western,Central,Victoriaville Tigres,"Victoriaville, Quebec",Colisée Desjardins,,
Western Hockey League,Western_Hockey_League.html,,,,,,,,,Central,Calgary Hitmen,"Calgary, Alberta",Scotiabank Saddledome,1994,1995
Western Hockey League,Western_Hockey_League.html,,,,,,,,,Central,Edmonton Oil Kings,"Edmonton, Alberta",Rogers Place,2006,2007
Western Hockey League,Western_Hockey_League.html,,,,,,,,,Central,Lethbridge Hurricanes,"Lethbridge, Alberta",VisitLethbridge.com Arena,1967*,1967*
Western Hockey League,Western_Hockey_League.html,,,,,,,,,Central,Medicine Hat Tigers,"Medicine Hat, Alberta",Co-op Place,1970,1970
Western Hockey League,Western_Hockey_League.html,,,,,,,,,Central,Red Deer Rebels,"Red Deer, Alberta",Marchant Crane Centrium,1991,1992
Western Hockey League,Western_Hockey_League.html,,,,,,,,,East,Brandon Wheat Kings,"Brandon, Manitoba",Keystone Centre,1936,1967
Western Hockey League,Western_Hockey_League.html,,,,,,,,,East,Moose Jaw Warriors,"Moose Jaw, Saskatchewan",Temple Gardens Centre,1980*,1980*
Western Hockey League,Western_Hockey_League.html,,,,,,,,,East,Prince Albert Raiders,"Prince Albert, Saskatchewan",Art Hauser Centre,1971,1982
Western Hockey League,Western_Hockey_League.html,,,,,,,,,East,Regina Pats,"Regina, Saskatchewan",Brandt Centre,1917,1966
Western Hockey League,Western_Hockey_League.html,,,,,,,,,East,Saskatoon Blades,"Saskatoon, Saskatchewan",SaskTel Centre,1964,1966
Western Hockey League,Western_Hockey_League.html,,,,,,,,,East,Swift Current Broncos,"Swift Current, Saskatchewan",InnovationPlex,1967*,1967*
Western Hockey League,Western_Hockey_League.html,,,,,,,,,B.C.,Kamloops Blazers,"Kamloops, British Columbia",Sandman Centre,1966*,1966*
Western Hockey League,Western_Hockey_League.html,,,,,,,,,B.C.,Kelowna Rockets,"Kelowna, British Columbia",Prospera Place,1991*,1991*
Western Hockey League,Western_Hockey_League.html,,,,,,,,,B.C.,Penticton Vees,"Penticton, British Columbia",South Okanagan Events Centre,2025,2025
Western Hockey League,Western_Hockey_League.html,,,,,,,,,B.C.,Prince George Cougars,"Prince George, British Columbia",CN Centre,1962,1971*
Western Hockey League,Western_Hockey_League.html,,,,,,,,,B.C.,Vancouver Giants,"Langley, British Columbia",Langley Events Centre,2001,2001
Western Hockey League,Western_Hockey_League.html,,,,,,,,,B.C.,Victoria Royals,"Victoria, British Columbia",Save-On-Foods Memorial Centre,2005,2006*
Western Hockey League,Western_Hockey_League.html,,,,,,,,,U.S.,Everett Silvertips,"Everett, Washington",Angel of the Winds Arena,2001,2003
Western Hockey League,Western_Hockey_League.html,,,,,,,,,U.S.,Portland Winterhawks,"Portland, Oregon",Veterans Memorial Coliseum,1950,1966*
Western Hockey League,Western_Hockey_League.html,,,,,,,,,U.S.,Seattle Thunderbirds,"Kent, Washington",accesso ShoWare Center,1971*,1971*
Western Hockey League,Western_Hockey_League.html,,,,,,,,,U.S.,Spokane Chiefs,"Spokane, Washington",Numerica Veterans Arena,1982*,1982*
Western Hockey League,Western_Hockey_League.html,,,,,,,,,U.S.,Tri-City Americans,"Kennewick, Washington",Toyota Center,1966*,1966*
Western Hockey League,Western_Hockey_League.html,,,,,,,,,U.S.,Wenatchee Wild,"Wenatchee, Washington",Town Toyota Center,1996*,1996*
