League,Source file,0,1,2,3,4,5,6,Division,Team,Joined,Location,Arena,Conference
Eastern Hockey League  2013  ,Eastern_Hockey_League__2013__.html,Eastern Hockey League,Eastern Hockey League,Eastern Hockey League,Eastern Hockey League,Eastern Hockey League,Eastern Hockey League,Eastern Hockey League,,,,,,
Eastern Hockey League  2013  ,Eastern_Hockey_League__2013__.html,Division,Team,Arena,Location,Joined,,,,,,,,
Eastern Hockey League  2013  ,Eastern_Hockey_League__2013__.html,North,,,,,,,,,,,,
Eastern Hockey League  2013  ,Eastern_Hockey_League__2013__.html,North,East Coast Wizards,Edge Sports Center,"Bedford, Massachusetts",2014,,,,,,,,
Eastern Hockey League  2013  ,Eastern_Hockey_League__2013__.html,North,New England Wolves,Merrill Fay Arena,"Laconia, New Hampshire",2005[a 1],,,,,,,,
Eastern Hockey League  2013  ,Eastern_Hockey_League__2013__.html,North,New Hampshire Avalanche,Ice Den Arena,"Hooksett, New Hampshire",2017,,,,,,,,
Eastern Hockey League  2013  ,Eastern_Hockey_League__2013__.html,North,Valley Jr. Warriors,Haverhill Valley Forum,"Haverhill, Massachusetts",2013,,,,,,,,
Eastern Hockey League  2013  ,Eastern_Hockey_League__2013__.html,East,,,,,,,,,,,,
Eastern Hockey League  2013  ,Eastern_Hockey_League__2013__.html,East,Boston Junior Eagles,Boston Sports Institute,"Needham, Massachusetts",2024,,,,,,,,
Eastern Hockey League  2013  ,Eastern_Hockey_League__2013__.html,East,Bridgewater Bandits,Bridgewater Ice Arena,"Bridgewater, Massachusetts",2023[a 2],,,,,,,,
Eastern Hockey League  2013  ,Eastern_Hockey_League__2013__.html,East,Express Hockey Club,Rodman Arena,"Walpole, Massachusetts",2005,,,,,,,,
Eastern Hockey League  2013  ,Eastern_Hockey_League__2013__.html,East,Seahawks Hockey Club,Tony Kent Arena,"South Dennis, Massachusetts",2017,,,,,,,,
Eastern Hockey League  2013  ,Eastern_Hockey_League__2013__.html,Central,Connecticut Nor'Easter,International Skating Center,"Simsbury, Connecticut",2012[a 1],,,,,,,,
Eastern Hockey League  2013  ,Eastern_Hockey_League__2013__.html,Central,Connecticut RoughRiders,SoNo Icehouse,"Norwalk, Connecticut",2013,,,,,,,,
Eastern Hockey League  2013  ,Eastern_Hockey_League__2013__.html,Central,HC Rhode Island,Thayer Arena,"Warwick, Rhode Island",2022,,,,,,,,
Eastern Hockey League  2013  ,Eastern_Hockey_League__2013__.html,Central,New York Apple Core,Brewster Ice Arena,"Brewster, New York",2013,,,,,,,,
Eastern Hockey League  2013  ,Eastern_Hockey_League__2013__.html,Central,Providence Capitals,Dennis M Lynch Arena,"Providence, Rhode Island",2023,,,,,,,,
Eastern Hockey League  2013  ,Eastern_Hockey_League__2013__.html,South,,,,,,,,,,,,
Eastern Hockey League  2013  ,Eastern_Hockey_League__2013__.html,South,New Jersey 87's,Jersey Shore Arena,"Wall Township, New Jersey",2018,,,,,,,,
Eastern Hockey League  2013  ,Eastern_Hockey_League__2013__.html,South,New Jersey Bears,Flemington Ice Arena,"Flemington, New Jersey",2020[a 1],,,,,,,,
Eastern Hockey League  2013  ,Eastern_Hockey_League__2013__.html,South,Pennsylvania Huntsmen,Power Play Rinks,"Exton, Pennsylvania",2023,,,,,,,,
Eastern Hockey League  2013  ,Eastern_Hockey_League__2013__.html,South,Philadelphia Little Flyers,IceWorks Skating Complex,"Aston, Pennsylvania",2003,,,,,,,,
Eastern Hockey League  2013  ,Eastern_Hockey_League__2013__.html,South,Philadelphia Hockey Club,Hollydell Ice Arena,"Sewell, New Jersey",2022,,,,,,,,
Greater Metro Junior A Hockey League,Greater_Metro_Junior_A_Hockey_League.html,,,,,,,,North,Bradford Rattlers,2006.0,"Bradford West Gwillimbury, Ontario",BWG Leisure Centre,
Greater Metro Junior A Hockey League,Greater_Metro_Junior_A_Hockey_League.html,,,,,,,,North,Meaford Knights,2013.0,"Meaford, Ontario",Meaford & St. Vincent Community Centre,
Greater Metro Junior A Hockey League,Greater_Metro_Junior_A_Hockey_League.html,,,,,,,,North,Tottenham Railers,2014.0,"New Tecumseth, Ontario",Tottenham and Community Fitness Centre,
Greater Metro Junior A Hockey League,Greater_Metro_Junior_A_Hockey_League.html,,,,,,,,North,Wasaga River Dragons,2024.0,"Wasaga Beach, Ontario",Wasaga Stars Arena,
Greater Metro Junior A Hockey League,Greater_Metro_Junior_A_Hockey_League.html,,,,,,,,North,Ville-Marie Pirates,2017.0,"Ville-Marie, Quebec",Olympia de Ville-Marie Arena,
Greater Metro Junior A Hockey League,Greater_Metro_Junior_A_Hockey_League.html,,,,,,,,North,West Nipissing Lynx,2010.0,"West Nipissing, Ontario",Sturgeon Falls Arena,
Greater Metro Junior A Hockey League,Greater_Metro_Junior_A_Hockey_League.html,,,,,,,,South,Bradford Bulls,2012.0,"Bradford West Gwillimbury, Ontario",Bob Fallis Sports Centre,
Greater Metro Junior A Hockey League,Greater_Metro_Junior_A_Hockey_League.html,,,,,,,,South,Durham Roadrunners,2015.0,"Oshawa, Ontario",Delpark Homes Arena,
Greater Metro Junior A Hockey League,Greater_Metro_Junior_A_Hockey_League.html,,,,,,,,South,Niagara Predators,2013.0,"Niagara-on-the-Lake, Ontario",Meridian Credit Union Arena,
Greater Metro Junior A Hockey League,Greater_Metro_Junior_A_Hockey_League.html,,,,,,,,South,North York Renegades,2014.0,"Toronto, Ontario",Canlan Ice Sports – York,
Greater Metro Junior A Hockey League,Greater_Metro_Junior_A_Hockey_League.html,,,,,,,,South,Northumberland Stars,2015.0,"Cramahe, Ontario",Keeler Center,
Greater Metro Junior A Hockey League,Greater_Metro_Junior_A_Hockey_League.html,,,,,,,,South,Richmond Hill Rampage,2024.0,"Richmond Hill, Ontario",Elvis Stojko Arena,
Greater Metro Junior A Hockey League,Greater_Metro_Junior_A_Hockey_League.html,,,,,,,,South,St. George Ravens,2013.0,"Brant, Ontario",South Dumfries Community Centre,
Greater Metro Junior A Hockey League,Greater_Metro_Junior_A_Hockey_League.html,,,,,,,,South,Toronto Flyers,2021.0,"Thornhill, Ontario",Paramount Ice Arena,
Manitoba Major Junior Hockey League,Manitoba_Major_Junior_Hockey_League.html,Team,Centre,Founded,McKenzie Trophy titles,Moug Trophy titles,,,,,,,,
Manitoba Major Junior Hockey League,Manitoba_Major_Junior_Hockey_League.html,Charleswood Hawks,Eric Coy Arena,1970,16,14,,,,,,,,
Manitoba Major Junior Hockey League,Manitoba_Major_Junior_Hockey_League.html,Fort Garry/Fort Rouge Twins,Century Arena,1970,7,5,,,,,,,,
Manitoba Major Junior Hockey League,Manitoba_Major_Junior_Hockey_League.html,Pembina Valley Twisters,Morris Multiplex,2001,3,3,,,,,,,,
Manitoba Major Junior Hockey League,Manitoba_Major_Junior_Hockey_League.html,Raiders Junior Hockey Club,Seven Oaks Sportsplex,1977,3,4,,,,,,,,
Manitoba Major Junior Hockey League,Manitoba_Major_Junior_Hockey_League.html,River East Royal Knights,Terry Sawchuk Memorial Arena,1981,7,8,,,,,,,,
Manitoba Major Junior Hockey League,Manitoba_Major_Junior_Hockey_League.html,St. Boniface Riels,Southdale Community Centre,1971,6,7,,,,,,,,
Manitoba Major Junior Hockey League,Manitoba_Major_Junior_Hockey_League.html,St. James Canucks,St.James Civic Centre Arena,1978,4,3,,,,,,,,
Manitoba Major Junior Hockey League,Manitoba_Major_Junior_Hockey_League.html,St. Vital Victorias,St. Vital Centennial Arena,1975,1,3,,,,,,,,
Manitoba Major Junior Hockey League,Manitoba_Major_Junior_Hockey_League.html,Stonewall Jets,Veterans Memorial Sports Complex,2001,1,0,,,,,,,,
Manitoba Major Junior Hockey League,Manitoba_Major_Junior_Hockey_League.html,Transcona Railer Express,Ed Golding Memorial Arena,2012,1,1,,,,,,,,
National Collegiate Development Conference,National_Collegiate_Development_Conference.html,,,,,,,,,Connecticut Jr. Rangers,2017.0,"Stamford, Connecticut",Chelsea Piers Connecticut,Atlantic
National Collegiate Development Conference,National_Collegiate_Development_Conference.html,,,,,,,,,Jersey Hitmen,2017.0,"Wayne, New Jersey",Ice Vault Arena,Atlantic
National Collegiate Development Conference,National_Collegiate_Development_Conference.html,,,,,,,,,Mercer Chiefs,2022.0,"Hamilton, New Jersey",Ice Land Skating Center,Atlantic
National Collegiate Development Conference,National_Collegiate_Development_Conference.html,,,,,,,,,P.A.L. Jr. Islanders,2017.0,"Hauppauge, New York",Northwell Health Ice Center,Atlantic
National Collegiate Development Conference,National_Collegiate_Development_Conference.html,,,,,,,,,Rockets Hockey Club,2017.0,"Bridgewater, New Jersey",Bridgewater Sports Arena,Atlantic
National Collegiate Development Conference,National_Collegiate_Development_Conference.html,,,,,,,,,West Chester Wolves,2024.0,"West Chester, Pennsylvania",PNY Sports Arena,Atlantic
National Collegiate Development Conference,National_Collegiate_Development_Conference.html,,,,,,,,,Wilkes-Barre/Scranton Knights,2022.0,"Pittston, Pennsylvania",Revolution Ice Center,Atlantic
National Collegiate Development Conference,National_Collegiate_Development_Conference.html,,,,,,,,,Connecticut RoughRiders,2026.0,"Norwalk, Connecticut",SoNo Ice House,Colonial
National Collegiate Development Conference,National_Collegiate_Development_Conference.html,,,,,,,,,CT Chiefs North,2025.0,"Biddeford, Maine",Biddeford Ice Arena,Colonial
National Collegiate Development Conference,National_Collegiate_Development_Conference.html,,,,,,,,,NY Dynamo,2024.0,"Clifton Park, New York",Capital Ice Arena,Colonial
National Collegiate Development Conference,National_Collegiate_Development_Conference.html,,,,,,,,,Red Bank Generals,2026.0,"Red Bank, New Jersey",Red Bank Armory,Colonial
National Collegiate Development Conference,National_Collegiate_Development_Conference.html,,,,,,,,,Springfield Pics,2025.0,"West Springfield, Massachusetts",Olympia Ice Center,Colonial
National Collegiate Development Conference,National_Collegiate_Development_Conference.html,,,,,,,,,Utica Jr. Comets,2017.0,"Utica, New York",Utica University Nexus Center,Colonial
National Collegiate Development Conference,National_Collegiate_Development_Conference.html,,,,,,,,,Universel Sherbrooke,2025.0,"Jay, Vermont",The Rinks at Vermont,Colonial
National Collegiate Development Conference,National_Collegiate_Development_Conference.html,,,,,,,,,Syracuse Lightning,2026.0,"Baldwinsville, New York",Three Rivers Athletic Complex,Colonial
National Collegiate Development Conference,National_Collegiate_Development_Conference.html,,,,,,,,,Boston Dogs,2024.0,"Canton, Massachusetts",Canton Ice Center,Metropolitan
National Collegiate Development Conference,National_Collegiate_Development_Conference.html,,,,,,,,,Boston Jr. Rangers,2024.0,"Tewksbury, Massachusetts",Breakaway Ice Center,Metropolitan
National Collegiate Development Conference,National_Collegiate_Development_Conference.html,,,,,,,,,Boston Junior Bruins,2025.0,"Marlborough, Massachusetts",New England Sports Center,Metropolitan
National Collegiate Development Conference,National_Collegiate_Development_Conference.html,,,,,,,,,Islanders Hockey Club,2017.0,"Tyngsborough, Massachusetts",Skate 3 Ice Arena,Metropolitan
National Collegiate Development Conference,National_Collegiate_Development_Conference.html,,,,,,,,,New England Wolves,2025.0,"Laconia, New Hampshire",Merrill Fay Arena,Metropolitan
National Collegiate Development Conference,National_Collegiate_Development_Conference.html,,,,,,,,,Northern Cyclones,2017.0,"Hudson, New Hampshire",Cyclones Arena,Metropolitan
National Collegiate Development Conference,National_Collegiate_Development_Conference.html,,,,,,,,,South Shore Kings,2017.0,"Foxboro, Massachusetts",Foxboro Sports Center,Metropolitan
National Collegiate Development Conference,National_Collegiate_Development_Conference.html,,,,,,,,,Worcester Jr. Railers,2024.0,"Worcester, Massachusetts",Fidelity Bank Worcester Ice Center,Metropolitan
National Collegiate Development Conference,National_Collegiate_Development_Conference.html,,,,,,,,Great Lakes,Chicago Union,2026.0,"Chicago, Illinois",Canton Ice Center,Midwest
National Collegiate Development Conference,National_Collegiate_Development_Conference.html,,,,,,,,Great Lakes,Columbus Mavericks,2026.0,"Lewis Center, Ohio",OhioHealth Chiller North,Midwest
National Collegiate Development Conference,National_Collegiate_Development_Conference.html,,,,,,,,Great Lakes,Fort Wayne Spacemen,2026.0,"Fort Wayne, Indiana",PSM Icehouse,Midwest
National Collegiate Development Conference,National_Collegiate_Development_Conference.html,,,,,,,,Great Lakes,Metro Jets,2026.0,"Mount Clemens, Michigan",Mount Clemens Ice Arena,Midwest
National Collegiate Development Conference,National_Collegiate_Development_Conference.html,,,,,,,,Great Lakes,Red River Spartans,2026.0,"Clarksville, Tennessee",F&M Bank Arena,Midwest
National Collegiate Development Conference,National_Collegiate_Development_Conference.html,,,,,,,,Great Lakes,Toledo Cherokee,2026.0,"Toledo, Ohio",Team Toledo Ice House,Midwest
National Collegiate Development Conference,National_Collegiate_Development_Conference.html,,,,,,,,North,Hudson Havoc,2026.0,"Hudson, Wisconsin",Hudson Sports & Civic Center,Midwest
National Collegiate Development Conference,National_Collegiate_Development_Conference.html,,,,,,,,North,Minnesota Blue Ox,2026.0,"Coon Rapids, Minnesota",Coon Rapids Ice Center,Midwest
National Collegiate Development Conference,National_Collegiate_Development_Conference.html,,,,,,,,North,Minnesota Squatch,2026.0,"Elk River, Minnesota",Furniture-and-Things Community Event Center,Midwest
National Collegiate Development Conference,National_Collegiate_Development_Conference.html,,,,,,,,North,Northwest Express,2026.0,"Spooner, Wisconsin",Spooner Civic Center,Midwest
National Collegiate Development Conference,National_Collegiate_Development_Conference.html,,,,,,,,North,Wisconsin Rapids RiverKings,2026.0,"Wisconsin Rapids, Wisconsin",South Wood County Rec Center,Midwest
National Collegiate Development Conference,National_Collegiate_Development_Conference.html,,,,,,,,,Casper Warbirds,2023.0,"Casper, Wyoming",Acord Ice Center,Mountain
National Collegiate Development Conference,National_Collegiate_Development_Conference.html,,,,,,,,,Rock Springs Miners,2023.0,"Rock Springs, Wyoming",Rock Springs Ice Arena,Mountain
National Collegiate Development Conference,National_Collegiate_Development_Conference.html,,,,,,,,,Utah Outliers,2023.0,"West Valley City, Utah",Acord Ice Center,Mountain
National Collegiate Development Conference,National_Collegiate_Development_Conference.html,,,,,,,,,Bearcat Hockey Club,2026.0,"Lockport, New York",Cornerstone CFCU Arena,Northeast
National Collegiate Development Conference,National_Collegiate_Development_Conference.html,,,,,,,,,Lewiston MAINEiacs,2025.0,"Lewiston, Maine",The Colisée,Northeast
National Collegiate Development Conference,National_Collegiate_Development_Conference.html,,,,,,,,,Montreal Black Vees,2026.0,"Laval, Quebec",Colisée de Laval,Northeast
National Collegiate Development Conference,National_Collegiate_Development_Conference.html,,,,,,,,,Northern Maine Pioneers,2025.0,"Presque Isle, Maine",The Forum,Northeast
National Collegiate Development Conference,National_Collegiate_Development_Conference.html,,,,,,,,,St. Stephen County Moose,2025.0,"St. Stephen, New Brunswick",Garcelon Civic Centre,Northeast
National Collegiate Development Conference,National_Collegiate_Development_Conference.html,,,,,,,,,Thunder Hockey Club,2019.0,"Exeter, New Hampshire",The Rinks At Exeter,Northeast
National Collegiate Development Conference,National_Collegiate_Development_Conference.html,,,,,,,,,Universel Quebec,2025.0,"Quebec City, Quebec",Seminaire Saint-Francois,Northeast
National Collegiate Development Conference,National_Collegiate_Development_Conference.html,,,,,,,,,Woodstock Slammers,2025.0,"Woodstock, New Brunswick",AYR Motor Centre,Northeast
National Collegiate Development Conference,National_Collegiate_Development_Conference.html,,,,,,,,Florida,Coral Springs Jr. Cats,2026.0,"Coral Springs, Florida",IceDen,South
National Collegiate Development Conference,National_Collegiate_Development_Conference.html,,,,,,,,Florida,Florida Eels,2026.0,"Fort Myers, Florida",Fort Myers Skatium,South
National Collegiate Development Conference,National_Collegiate_Development_Conference.html,,,,,,,,Florida,Florida Jr. Blades,2026.0,"Estero, Florida",Hertz Arena,South
National Collegiate Development Conference,National_Collegiate_Development_Conference.html,,,,,,,,Florida,Florida Surge,2026.0,"Jacksonville, Florida",Community First Igloo,South
National Collegiate Development Conference,National_Collegiate_Development_Conference.html,,,,,,,,Florida,Tampa Bay Juniors,2026.0,"Ellenton, Florida",Ellenton Ice,South
National Collegiate Development Conference,National_Collegiate_Development_Conference.html,,,,,,,,Florida,Typhoon Hockey Club,2026.0,"Palm Beach, Florida",Palm Beach Skate Zone,South
National Collegiate Development Conference,National_Collegiate_Development_Conference.html,,,,,,,,South East,Carolina Jr. Hurricanes,2026.0,"Morrisville, North Carolina",Wake Competition Center,South
National Collegiate Development Conference,National_Collegiate_Development_Conference.html,,,,,,,,South East,Charleston Colonials,2026.0,"North Charleston, South Carolina",Carolina Ice Palace,South
National Collegiate Development Conference,National_Collegiate_Development_Conference.html,,,,,,,,South East,Charlotte Rush,2026.0,"Indian Trail, North Carolina",Extreme Ice Center,South
National Collegiate Development Conference,National_Collegiate_Development_Conference.html,,,,,,,,South East,Hampton Roads Whalers,2026.0,"Chesapeake, Virginia",Chilled Ponds Ice Sports Complex,South
National Collegiate Development Conference,National_Collegiate_Development_Conference.html,,,,,,,,South East,Potomac Patriots,2026.0,"Woodbridge, Virginia",Prince William Ice Center,South
National Collegiate Development Conference,National_Collegiate_Development_Conference.html,,,,,,,,South East,Yorktown Admirals,2026.0,"Yorktown, Virginia",Chilled Ponds Ice Center,South
National Collegiate Development Conference,National_Collegiate_Development_Conference.html,,,,,,,,,Fresno Monsters,2026.0,"Fresno, California",Gateway Ice Center,Mountain
National Collegiate Development Conference,National_Collegiate_Development_Conference.html,,,,,,,,,Lake Tahoe Lakers,2026.0,"South Lake Tahoe, California",South Lake Tahoe Ice Arena,Mountain
National Collegiate Development Conference,National_Collegiate_Development_Conference.html,,,,,,,,,McCall Smokejumpers,2026.0,"McCall, Idaho",Manchester Ice and Event Centre,Mountain
National Collegiate Development Conference,National_Collegiate_Development_Conference.html,,,,,,,,,Ontario Jr. Reign,2026.0,"Ontario, California",Ontario Ice Skating Center,Mountain
National Collegiate Development Conference,National_Collegiate_Development_Conference.html,,,,,,,,,Ventura Vikings,2026.0,"Simi Valley, California",Iceoplex Simi Valley,Mountain
National Collegiate Development Conference,National_Collegiate_Development_Conference.html,,,,,,,,,Vernal Oilers,2026.0,"Vernal, Utah",Western Park Ice Rink,Mountain
National Collegiate Development Conference,National_Collegiate_Development_Conference.html,,,,,,,,,,,,,Mountain
National Collegiate Development Conference,National_Collegiate_Development_Conference.html,,,,,,,,,,,,,Mountain
National Collegiate Development Conference,National_Collegiate_Development_Conference.html,,,,,,,,,,,,,Mountain
National Collegiate Development Conference,National_Collegiate_Development_Conference.html,,,,,,,,,,,,,Mountain
National Collegiate Development Conference,National_Collegiate_Development_Conference.html,,,,,,,,,,,,,Mountain
National Collegiate Development Conference,National_Collegiate_Development_Conference.html,,,,,,,,,,,,,Mountain
United States Premier Hockey League,United_States_Premier_Hockey_League.html,,,,,,,,,Connecticut Jr. Rangers,2017.0,"Stamford, Connecticut",Chelsea Piers Connecticut,Atlantic
United States Premier Hockey League,United_States_Premier_Hockey_League.html,,,,,,,,,Jersey Hitmen,2017.0,"Wayne, New Jersey",Ice Vault Arena,Atlantic
United States Premier Hockey League,United_States_Premier_Hockey_League.html,,,,,,,,,Mercer Chiefs,2022.0,"Hamilton, New Jersey",Ice Land Skating Center,Atlantic
United States Premier Hockey League,United_States_Premier_Hockey_League.html,,,,,,,,,P.A.L. Jr. Islanders,2017.0,"Hauppauge, New York",Northwell Health Ice Center,Atlantic
United States Premier Hockey League,United_States_Premier_Hockey_League.html,,,,,,,,,Rockets Hockey Club,2017.0,"Bridgewater, New Jersey",Bridgewater Sports Arena,Atlantic
United States Premier Hockey League,United_States_Premier_Hockey_League.html,,,,,,,,,West Chester Wolves,2024.0,"West Chester, Pennsylvania",PNY Sports Arena,Atlantic
United States Premier Hockey League,United_States_Premier_Hockey_League.html,,,,,,,,,Wilkes-Barre/Scranton Knights,2022.0,"Pittston, Pennsylvania",Revolution Ice Center,Atlantic
United States Premier Hockey League,United_States_Premier_Hockey_League.html,,,,,,,,,Connecticut RoughRiders,2026.0,"Norwalk, Connecticut",SoNo Ice House,Colonial
United States Premier Hockey League,United_States_Premier_Hockey_League.html,,,,,,,,,CT Chiefs North,2025.0,"Biddeford, Maine",Biddeford Ice Arena,Colonial
United States Premier Hockey League,United_States_Premier_Hockey_League.html,,,,,,,,,NY Dynamo,2024.0,"Clifton Park, New York",Capital Ice Arena,Colonial
United States Premier Hockey League,United_States_Premier_Hockey_League.html,,,,,,,,,Red Bank Generals,2026.0,"Red Bank, New Jersey",Red Bank Armory,Colonial
United States Premier Hockey League,United_States_Premier_Hockey_League.html,,,,,,,,,Springfield Pics,2025.0,"West Springfield, Massachusetts",Olympia Ice Center,Colonial
United States Premier Hockey League,United_States_Premier_Hockey_League.html,,,,,,,,,Utica Jr. Comets,2017.0,"Utica, New York",Utica University Nexus Center,Colonial
United States Premier Hockey League,United_States_Premier_Hockey_League.html,,,,,,,,,Universel Sherbrooke,2025.0,"Jay, Vermont",The Rinks at Vermont,Colonial
United States Premier Hockey League,United_States_Premier_Hockey_League.html,,,,,,,,,Syracuse Lightning,2026.0,"Baldwinsville, New York",Three Rivers Athletic Complex,Colonial
United States Premier Hockey League,United_States_Premier_Hockey_League.html,,,,,,,,,Boston Dogs,2024.0,"Canton, Massachusetts",Canton Ice Center,Metropolitan
United States Premier Hockey League,United_States_Premier_Hockey_League.html,,,,,,,,,Boston Jr. Rangers,2024.0,"Tewksbury, Massachusetts",Breakaway Ice Center,Metropolitan
United States Premier Hockey League,United_States_Premier_Hockey_League.html,,,,,,,,,Boston Junior Bruins,2025.0,"Marlborough, Massachusetts",New England Sports Center,Metropolitan
United States Premier Hockey League,United_States_Premier_Hockey_League.html,,,,,,,,,Islanders Hockey Club,2017.0,"Tyngsborough, Massachusetts",Skate 3 Ice Arena,Metropolitan
United States Premier Hockey League,United_States_Premier_Hockey_League.html,,,,,,,,,New England Wolves,2025.0,"Laconia, New Hampshire",Merrill Fay Arena,Metropolitan
United States Premier Hockey League,United_States_Premier_Hockey_League.html,,,,,,,,,Northern Cyclones,2017.0,"Hudson, New Hampshire",Cyclones Arena,Metropolitan
United States Premier Hockey League,United_States_Premier_Hockey_League.html,,,,,,,,,South Shore Kings,2017.0,"Foxboro, Massachusetts",Foxboro Sports Center,Metropolitan
United States Premier Hockey League,United_States_Premier_Hockey_League.html,,,,,,,,,Worcester Jr. Railers,2024.0,"Worcester, Massachusetts",Fidelity Bank Worcester Ice Center,Metropolitan
United States Premier Hockey League,United_States_Premier_Hockey_League.html,,,,,,,,Great Lakes,Chicago Union,2026.0,"Chicago, Illinois",Canton Ice Center,Midwest
United States Premier Hockey League,United_States_Premier_Hockey_League.html,,,,,,,,Great Lakes,Columbus Mavericks,2026.0,"Lewis Center, Ohio",OhioHealth Chiller North,Midwest
United States Premier Hockey League,United_States_Premier_Hockey_League.html,,,,,,,,Great Lakes,Fort Wayne Spacemen,2026.0,"Fort Wayne, Indiana",PSM Icehouse,Midwest
United States Premier Hockey League,United_States_Premier_Hockey_League.html,,,,,,,,Great Lakes,Metro Jets,2026.0,"Mount Clemens, Michigan",Mount Clemens Ice Arena,Midwest
United States Premier Hockey League,United_States_Premier_Hockey_League.html,,,,,,,,Great Lakes,Red River Spartans,2026.0,"Clarksville, Tennessee",F&M Bank Arena,Midwest
United States Premier Hockey League,United_States_Premier_Hockey_League.html,,,,,,,,Great Lakes,Toledo Cherokee,2026.0,"Toledo, Ohio",Team Toledo Ice House,Midwest
United States Premier Hockey League,United_States_Premier_Hockey_League.html,,,,,,,,North,Hudson Havoc,2026.0,"Hudson, Wisconsin",Hudson Sports & Civic Center,Midwest
United States Premier Hockey League,United_States_Premier_Hockey_League.html,,,,,,,,North,Minnesota Blue Ox,2026.0,"Coon Rapids, Minnesota",Coon Rapids Ice Center,Midwest
United States Premier Hockey League,United_States_Premier_Hockey_League.html,,,,,,,,North,Minnesota Squatch,2026.0,"Elk River, Minnesota",Furniture-and-Things Community Event Center,Midwest
United States Premier Hockey League,United_States_Premier_Hockey_League.html,,,,,,,,North,Northwest Express,2026.0,"Spooner, Wisconsin",Spooner Civic Center,Midwest
United States Premier Hockey League,United_States_Premier_Hockey_League.html,,,,,,,,North,Wisconsin Rapids RiverKings,2026.0,"Wisconsin Rapids, Wisconsin",South Wood County Rec Center,Midwest
United States Premier Hockey League,United_States_Premier_Hockey_League.html,,,,,,,,,Casper Warbirds,2023.0,"Casper, Wyoming",Acord Ice Center,Mountain
United States Premier Hockey League,United_States_Premier_Hockey_League.html,,,,,,,,,Rock Springs Miners,2023.0,"Rock Springs, Wyoming",Rock Springs Ice Arena,Mountain
United States Premier Hockey League,United_States_Premier_Hockey_League.html,,,,,,,,,Utah Outliers,2023.0,"West Valley City, Utah",Acord Ice Center,Mountain
United States Premier Hockey League,United_States_Premier_Hockey_League.html,,,,,,,,,Bearcat Hockey Club,2026.0,"Lockport, New York",Cornerstone CFCU Arena,Northeast
United States Premier Hockey League,United_States_Premier_Hockey_League.html,,,,,,,,,Lewiston MAINEiacs,2025.0,"Lewiston, Maine",The Colisée,Northeast
United States Premier Hockey League,United_States_Premier_Hockey_League.html,,,,,,,,,Montreal Black Vees,2026.0,"Laval, Quebec",Colisée de Laval,Northeast
United States Premier Hockey League,United_States_Premier_Hockey_League.html,,,,,,,,,Northern Maine Pioneers,2025.0,"Presque Isle, Maine",The Forum,Northeast
United States Premier Hockey League,United_States_Premier_Hockey_League.html,,,,,,,,,St. Stephen County Moose,2025.0,"St. Stephen, New Brunswick",Garcelon Civic Centre,Northeast
United States Premier Hockey League,United_States_Premier_Hockey_League.html,,,,,,,,,Thunder Hockey Club,2019.0,"Exeter, New Hampshire",The Rinks At Exeter,Northeast
United States Premier Hockey League,United_States_Premier_Hockey_League.html,,,,,,,,,Universel Quebec,2025.0,"Quebec City, Quebec",Seminaire Saint-Francois,Northeast
United States Premier Hockey League,United_States_Premier_Hockey_League.html,,,,,,,,,Woodstock Slammers,2025.0,"Woodstock, New Brunswick",AYR Motor Centre,Northeast
United States Premier Hockey League,United_States_Premier_Hockey_League.html,,,,,,,,Florida,Coral Springs Jr. Cats,2026.0,"Coral Springs, Florida",IceDen,South
United States Premier Hockey League,United_States_Premier_Hockey_League.html,,,,,,,,Florida,Florida Eels,2026.0,"Fort Myers, Florida",Fort Myers Skatium,South
United States Premier Hockey League,United_States_Premier_Hockey_League.html,,,,,,,,Florida,Florida Jr. Blades,2026.0,"Estero, Florida",Hertz Arena,South
United States Premier Hockey League,United_States_Premier_Hockey_League.html,,,,,,,,Florida,Florida Surge,2026.0,"Jacksonville, Florida",Community First Igloo,South
United States Premier Hockey League,United_States_Premier_Hockey_League.html,,,,,,,,Florida,Tampa Bay Juniors,2026.0,"Ellenton, Florida",Ellenton Ice,South
United States Premier Hockey League,United_States_Premier_Hockey_League.html,,,,,,,,Florida,Typhoon Hockey Club,2026.0,"Palm Beach, Florida",Palm Beach Skate Zone,South
United States Premier Hockey League,United_States_Premier_Hockey_League.html,,,,,,,,South East,Carolina Jr. Hurricanes,2026.0,"Morrisville, North Carolina",Wake Competition Center,South
United States Premier Hockey League,United_States_Premier_Hockey_League.html,,,,,,,,South East,Charleston Colonials,2026.0,"North Charleston, South Carolina",Carolina Ice Palace,South
United States Premier Hockey League,United_States_Premier_Hockey_League.html,,,,,,,,South East,Charlotte Rush,2026.0,"Indian Trail, North Carolina",Extreme Ice Center,South
United States Premier Hockey League,United_States_Premier_Hockey_League.html,,,,,,,,South East,Hampton Roads Whalers,2026.0,"Chesapeake, Virginia",Chilled Ponds Ice Sports Complex,South
United States Premier Hockey League,United_States_Premier_Hockey_League.html,,,,,,,,South East,Potomac Patriots,2026.0,"Woodbridge, Virginia",Prince William Ice Center,South
United States Premier Hockey League,United_States_Premier_Hockey_League.html,,,,,,,,South East,Yorktown Admirals,2026.0,"Yorktown, Virginia",Chilled Ponds Ice Center,South
United States Premier Hockey League,United_States_Premier_Hockey_League.html,,,,,,,,,Fresno Monsters,2026.0,"Fresno, California",Gateway Ice Center,Mountain
United States Premier Hockey League,United_States_Premier_Hockey_League.html,,,,,,,,,Lake Tahoe Lakers,2026.0,"South Lake Tahoe, California",South Lake Tahoe Ice Arena,Mountain
United States Premier Hockey League,United_States_Premier_Hockey_League.html,,,,,,,,,McCall Smokejumpers,2026.0,"McCall, Idaho",Manchester Ice and Event Centre,Mountain
United States Premier Hockey League,United_States_Premier_Hockey_League.html,,,,,,,,,Ontario Jr. Reign,2026.0,"Ontario, California",Ontario Ice Skating Center,Mountain
United States Premier Hockey League,United_States_Premier_Hockey_League.html,,,,,,,,,Ventura Vikings,2026.0,"Simi Valley, California",Iceoplex Simi Valley,Mountain
United States Premier Hockey League,United_States_Premier_Hockey_League.html,,,,,,,,,Vernal Oilers,2026.0,"Vernal, Utah",Western Park Ice Rink,Mountain
United States Premier Hockey League,United_States_Premier_Hockey_League.html,,,,,,,,,,,,,Mountain
United States Premier Hockey League,United_States_Premier_Hockey_League.html,,,,,,,,,,,,,Mountain
United States Premier Hockey League,United_States_Premier_Hockey_League.html,,,,,,,,,,,,,Mountain
United States Premier Hockey League,United_States_Premier_Hockey_League.html,,,,,,,,,,,,,Mountain
United States Premier Hockey League,United_States_Premier_Hockey_League.html,,,,,,,,,,,,,Mountain
United States Premier Hockey League,United_States_Premier_Hockey_League.html,,,,,,,,,,,,,Mountain
