Day,Date,Time,Home Team,Away Team
Tue,9/29/2026,5:00 PM,Boston Bruins,N.Y. Rangers
Fri,10/2/2026,5:00 PM,Winnipeg Jets,Boston Bruins
Sat,10/3/2026,5:00 PM,Minnesota Wild,Boston Bruins
Mon,10/5/2026,4:30 PM,Boston Bruins,Ottawa Senators
Sat,10/10/2026,10:00 AM,Boston Bruins,Philadelphia Flyers
Tue,10/13/2026,8:00 PM,San Jose Sharks,Boston Bruins
Fri,10/16/2026,7:00 PM,Anaheim Ducks,Boston Bruins
Sat,10/17/2026,6:00 PM,Los Angeles Kings,Boston Bruins
Tue,10/20/2026,5:00 PM,Dallas Stars,Boston Bruins
Thu,10/22/2026,4:00 PM,Boston Bruins,Nashville Predators
Sat,10/24/2026,4:00 PM,Boston Bruins,San Jose Sharks
Tue,10/27/2026,5:00 PM,Carolina Hurricanes,Boston Bruins
Thu,10/29/2026,5:00 PM,St. Louis Blues,Boston Bruins
Sat,10/31/2026,10:00 AM,Boston Bruins,Chicago Blackhawks
Mon,11/2/2026,5:00 PM,Boston Bruins,Vegas Golden Knights
Thu,11/5/2026,5:00 PM,Pittsburgh Penguins,Boston Bruins
Sun,11/8/2026,11:00 AM,Boston Bruins,Florida Panthers
Thu,11/12/2026,5:00 PM,Boston Bruins,Montreal Canadiens
Sat,11/14/2026,5:00 PM,Boston Bruins,Minnesota Wild
Tue,11/17/2026,5:00 PM,Boston Bruins,Los Angeles Kings
Wed,11/18/2026,5:30 PM,Detroit Red Wings,Boston Bruins
Sat,11/21/2026,5:00 PM,Boston Bruins,Washington Capitals
Wed,11/25/2026,5:00 PM,Boston Bruins,Winnipeg Jets
Fri,11/27/2026,11:00 AM,Boston Bruins,Toronto Maple Leafs
Sun,11/29/2026,3:00 PM,Boston Bruins,Vancouver Canucks
Tue,12/1/2026,5:30 PM,Boston Bruins,Colorado Avalanche
Sat,12/5/2026,11:00 AM,Boston Bruins,Detroit Red Wings
Tue,12/8/2026,5:00 PM,Florida Panthers,Boston Bruins
Thu,12/10/2026,5:00 PM,Tampa Bay Lightning,Boston Bruins
Sat,12/12/2026,11:00 AM,Boston Bruins,New Jersey Devils
Sun,12/13/2026,11:00 AM,Carolina Hurricanes,Boston Bruins
Tue,12/15/2026,5:00 PM,Boston Bruins,Florida Panthers
Thu,12/17/2026,5:00 PM,Boston Bruins,St. Louis Blues
Sat,12/19/2026,10:00 AM,New Jersey Devils,Boston Bruins
Sun,12/20/2026,11:00 AM,Boston Bruins,Philadelphia Flyers
Tue,12/22/2026,5:00 PM,N.Y. Islanders,Boston Bruins
Sat,12/26/2026,5:00 PM,Boston Bruins,N.Y. Islanders
Sun,12/27/2026,5:00 PM,New Jersey Devils,Boston Bruins
Wed,12/30/2026,5:30 PM,Boston Bruins,Edmonton Oilers
Fri,1/1/2027,1:00 PM,Chicago Blackhawks,Boston Bruins
Sat,1/2/2027,5:00 PM,Columbus Blue Jackets,Boston Bruins
Tue,1/5/2027,5:30 PM,Boston Bruins,Buffalo Sabres
Wed,1/6/2027,5:30 PM,Montreal Canadiens,Boston Bruins
Sat,1/9/2027,5:00 PM,Detroit Red Wings,Boston Bruins
Tue,1/12/2027,5:00 PM,Boston Bruins,Carolina Hurricanes
Thu,1/14/2027,5:00 PM,Boston Bruins,Dallas Stars
Sat,1/16/2027,10:00 AM,N.Y. Rangers,Boston Bruins
Mon,1/18/2027,11:30 AM,Boston Bruins,Tampa Bay Lightning
Wed,1/20/2027,7:00 PM,Colorado Avalanche,Boston Bruins
Fri,1/22/2027,8:00 PM,Vegas Golden Knights,Boston Bruins
Tue,1/26/2027,5:00 PM,Boston Bruins,Columbus Blue Jackets
Thu,1/28/2027,5:00 PM,Ottawa Senators,Boston Bruins
Sat,1/30/2027,5:00 PM,Boston Bruins,Toronto Maple Leafs
Wed,2/10/2027,5:30 PM,Toronto Maple Leafs,Boston Bruins
Sat,2/13/2027,5:00 PM,Boston Bruins,Columbus Blue Jackets
Mon,2/15/2027,10:30 AM,Boston Bruins,Anaheim Ducks
Wed,2/17/2027,7:00 PM,Calgary Flames,Boston Bruins
Fri,2/19/2027,6:00 PM,Edmonton Oilers,Boston Bruins
Sun,2/21/2027,6:00 PM,Vancouver Canucks,Boston Bruins
Mon,2/22/2027,7:40 PM,Seattle Kraken,Boston Bruins
Thu,2/25/2027,6:00 PM,Boston Bruins,Washington Capitals
Sat,2/27/2027,10:00 AM,Boston Bruins,Detroit Red Wings
Wed,3/3/2027,5:00 PM,N.Y. Rangers,Boston Bruins
Thu,3/4/2027,5:00 PM,Ottawa Senators,Boston Bruins
Sat,3/6/2027,10:00 AM,Boston Bruins,Pittsburgh Penguins
Mon,3/8/2027,5:00 PM,Boston Bruins,Seattle Kraken
Wed,3/10/2027,5:30 PM,Montreal Canadiens,Boston Bruins
Thu,3/11/2027,5:00 PM,Pittsburgh Penguins,Boston Bruins
Sat,3/13/2027,5:00 PM,Boston Bruins,Calgary Flames
Mon,3/15/2027,4:00 PM,Boston Bruins,N.Y. Islanders
Thu,3/18/2027,4:00 PM,Philadelphia Flyers,Boston Bruins
Sat,3/20/2027,2:00 PM,Nashville Predators,Boston Bruins
Tue,3/23/2027,4:00 PM,Boston Bruins,Buffalo Sabres
Thu,3/25/2027,4:00 PM,Boston Bruins,Ottawa Senators
Fri,3/26/2027,4:00 PM,Washington Capitals,Boston Bruins
Tue,3/30/2027,4:00 PM,Boston Bruins,Montreal Canadiens
Thu,4/1/2027,4:30 PM,Buffalo Sabres,Boston Bruins
Sat,4/3/2027,12:00 PM,Boston Bruins,Tampa Bay Lightning
Mon,4/5/2027,4:00 PM,Toronto Maple Leafs,Boston Bruins
Wed,4/7/2027,4:00 PM,Buffalo Sabres,Boston Bruins
Fri,4/9/2027,4:00 PM,Florida Panthers,Boston Bruins
Sat,4/10/2027,5:00 PM,Tampa Bay Lightning,Boston Bruins
Thu,10/1/2026,4:00 PM,Columbus Blue Jackets,Buffalo Sabres
Sat,10/3/2026,4:00 PM,Buffalo Sabres,Chicago Blackhawks
Tue,10/6/2026,5:00 PM,Buffalo Sabres,Minnesota Wild
Thu,10/8/2026,4:00 PM,Buffalo Sabres,Dallas Stars
Mon,10/12/2026,10:00 AM,Buffalo Sabres,Florida Panthers
Tue,10/13/2026,3:30 PM,Montreal Canadiens,Buffalo Sabres
Thu,10/15/2026,4:00 PM,Toronto Maple Leafs,Buffalo Sabres
Sat,10/17/2026,4:00 PM,Montreal Canadiens,Buffalo Sabres
Wed,10/21/2026,4:30 PM,Buffalo Sabres,Philadelphia Flyers
Sat,10/24/2026,4:00 PM,Washington Capitals,Buffalo Sabres
Tue,10/27/2026,7:30 PM,San Jose Sharks,Buffalo Sabres
Thu,10/29/2026,7:00 PM,Anaheim Ducks,Buffalo Sabres
Sat,10/31/2026,1:00 PM,Los Angeles Kings,Buffalo Sabres
Wed,11/4/2026,5:30 PM,Buffalo Sabres,Ottawa Senators
Fri,11/6/2026,5:00 PM,Buffalo Sabres,Columbus Blue Jackets
Sun,11/8/2026,1:30 PM,Buffalo Sabres,Vegas Golden Knights
Wed,11/11/2026,5:30 PM,Buffalo Sabres,Tampa Bay Lightning
Thu,11/12/2026,6:00 PM,Chicago Blackhawks,Buffalo Sabres
Sat,11/14/2026,6:00 PM,Dallas Stars,Buffalo Sabres
Tue,11/17/2026,5:00 PM,Philadelphia Flyers,Buffalo Sabres
Thu,11/19/2026,5:00 PM,Washington Capitals,Buffalo Sabres
Sat,11/21/2026,4:00 PM,Florida Panthers,Buffalo Sabres
Sun,11/22/2026,3:00 PM,Tampa Bay Lightning,Buffalo Sabres
Wed,11/25/2026,5:00 PM,Buffalo Sabres,N.Y. Rangers
Fri,11/27/2026,6:00 PM,Buffalo Sabres,Pittsburgh Penguins
Tue,12/1/2026,6:00 PM,Edmonton Oilers,Buffalo Sabres
Thu,12/3/2026,6:00 PM,Calgary Flames,Buffalo Sabres
Fri,12/4/2026,7:00 PM,Vancouver Canucks,Buffalo Sabres
Sun,12/6/2026,6:00 PM,Seattle Kraken,Buffalo Sabres
Thu,12/10/2026,5:00 PM,Buffalo Sabres,Edmonton Oilers
Sat,12/12/2026,5:00 PM,Buffalo Sabres,Anaheim Ducks
Mon,12/14/2026,12:00 PM,Ottawa Senators,Buffalo Sabres
Tue,12/15/2026,5:00 PM,Buffalo Sabres,Calgary Flames
Fri,12/18/2026,5:00 PM,Buffalo Sabres,Montreal Canadiens
Sun,12/20/2026,4:00 PM,Buffalo Sabres,Los Angeles Kings
Tue,12/22/2026,5:00 PM,Pittsburgh Penguins,Buffalo Sabres
Sat,12/26/2026,5:00 PM,Buffalo Sabres,New Jersey Devils
Mon,12/28/2026,5:00 PM,Buffalo Sabres,Detroit Red Wings
Wed,12/30/2026,5:00 PM,Florida Panthers,Buffalo Sabres
Sat,1/2/2027,5:00 PM,Tampa Bay Lightning,Buffalo Sabres
Mon,1/4/2027,5:30 PM,Buffalo Sabres,Winnipeg Jets
Fri,1/8/2027,5:00 PM,Columbus Blue Jackets,Buffalo Sabres
Sat,1/9/2027,5:00 PM,Buffalo Sabres,Carolina Hurricanes
Tue,1/12/2027,5:00 PM,Buffalo Sabres,New Jersey Devils
Thu,1/14/2027,5:00 PM,Buffalo Sabres,Colorado Avalanche
Sat,1/16/2027,5:00 PM,Buffalo Sabres,Nashville Predators
Mon,1/18/2027,11:00 AM,Buffalo Sabres,Montreal Canadiens
Wed,1/20/2027,5:00 PM,N.Y. Islanders,Buffalo Sabres
Thu,1/21/2027,5:00 PM,Buffalo Sabres,Seattle Kraken
Sun,1/24/2027,1:00 PM,Winnipeg Jets,Buffalo Sabres
Thu,1/28/2027,8:00 PM,Vegas Golden Knights,Buffalo Sabres
Sat,1/30/2027,3:00 PM,Colorado Avalanche,Buffalo Sabres
Wed,2/3/2027,5:00 PM,Buffalo Sabres,N.Y. Islanders
Sat,2/13/2027,5:00 PM,Carolina Hurricanes,Buffalo Sabres
Mon,2/15/2027,1:00 PM,N.Y. Rangers,Buffalo Sabres
Thu,2/18/2027,5:00 PM,Buffalo Sabres,Carolina Hurricanes
Sat,2/20/2027,1:00 PM,New Jersey Devils,Buffalo Sabres
Sun,2/21/2027,1:30 PM,Detroit Red Wings,Buffalo Sabres
Wed,2/24/2027,5:00 PM,Philadelphia Flyers,Buffalo Sabres
Fri,2/26/2027,5:30 PM,Buffalo Sabres,Ottawa Senators
Sat,2/27/2027,5:00 PM,Buffalo Sabres,Toronto Maple Leafs
Tue,3/2/2027,5:00 PM,Buffalo Sabres,Pittsburgh Penguins
Thu,3/4/2027,5:00 PM,Buffalo Sabres,St. Louis Blues
Sat,3/6/2027,1:00 PM,Buffalo Sabres,N.Y. Rangers
Sun,3/7/2027,3:00 PM,Ottawa Senators,Buffalo Sabres
Tue,3/9/2027,5:00 PM,Buffalo Sabres,Vancouver Canucks
Fri,3/12/2027,5:00 PM,Detroit Red Wings,Buffalo Sabres
Sun,3/14/2027,4:00 PM,Minnesota Wild,Buffalo Sabres
Mon,3/15/2027,4:00 PM,Buffalo Sabres,San Jose Sharks
Thu,3/18/2027,4:00 PM,Buffalo Sabres,Washington Capitals
Sat,3/20/2027,10:00 AM,Buffalo Sabres,Florida Panthers
Sun,3/21/2027,12:00 PM,N.Y. Islanders,Buffalo Sabres
Thu,3/25/2027,4:00 PM,Buffalo Sabres,Toronto Maple Leafs
Sun,3/28/2027,6:00 PM,St. Louis Blues,Buffalo Sabres
Tue,3/30/2027,5:00 PM,Nashville Predators,Buffalo Sabres
Sat,4/3/2027,4:00 PM,Toronto Maple Leafs,Buffalo Sabres
Mon,4/5/2027,4:00 PM,Buffalo Sabres,Tampa Bay Lightning
Sat,4/10/2027,3:00 PM,Buffalo Sabres,Detroit Red Wings
Tue,9/29/2026,2:00 PM,Carolina Hurricanes,Florida Panthers
Fri,10/2/2026,4:00 PM,Carolina Hurricanes,Washington Capitals
Sat,10/3/2026,4:00 PM,Philadelphia Flyers,Carolina Hurricanes
Tue,10/6/2026,4:00 PM,Montreal Canadiens,Carolina Hurricanes
Thu,10/8/2026,4:00 PM,Carolina Hurricanes,Vancouver Canucks
Sat,10/10/2026,4:00 PM,Chicago Blackhawks,Carolina Hurricanes
Sun,10/11/2026,4:00 PM,Philadelphia Flyers,Carolina Hurricanes
Tue,10/13/2026,3:45 PM,Carolina Hurricanes,Washington Capitals
Sat,10/17/2026,12:30 PM,Winnipeg Jets,Carolina Hurricanes
Sun,10/18/2026,5:00 PM,Calgary Flames,Carolina Hurricanes
Tue,10/20/2026,7:00 PM,Vancouver Canucks,Carolina Hurricanes
Thu,10/22/2026,6:00 PM,Edmonton Oilers,Carolina Hurricanes
Sat,10/24/2026,4:00 PM,St. Louis Blues,Carolina Hurricanes
Thu,10/29/2026,4:00 PM,Carolina Hurricanes,Columbus Blue Jackets
Sun,11/1/2026,11:00 AM,Carolina Hurricanes,Winnipeg Jets
Tue,11/3/2026,6:00 PM,Nashville Predators,Carolina Hurricanes
Thu,11/5/2026,5:00 PM,N.Y. Islanders,Carolina Hurricanes
Sat,11/7/2026,6:00 PM,Carolina Hurricanes,Chicago Blackhawks
Thu,11/12/2026,8:00 PM,Seattle Kraken,Carolina Hurricanes
Sat,11/14/2026,6:00 PM,Carolina Hurricanes,Seattle Kraken
Thu,11/19/2026,5:00 PM,Carolina Hurricanes,Montreal Canadiens
Sat,11/21/2026,11:00 AM,Carolina Hurricanes,Edmonton Oilers
Sun,11/22/2026,11:00 AM,N.Y. Rangers,Carolina Hurricanes
Wed,11/25/2026,5:00 PM,Tampa Bay Lightning,Carolina Hurricanes
Sat,11/28/2026,5:00 PM,Carolina Hurricanes,Ottawa Senators
Mon,11/30/2026,5:00 PM,N.Y. Rangers,Carolina Hurricanes
Thu,12/3/2026,5:00 PM,Carolina Hurricanes,Columbus Blue Jackets
Sat,12/5/2026,5:00 PM,Carolina Hurricanes,Toronto Maple Leafs
Tue,12/8/2026,5:00 PM,Carolina Hurricanes,N.Y. Rangers
Fri,12/11/2026,5:00 PM,Carolina Hurricanes,N.Y. Islanders
Tue,12/15/2026,5:00 PM,Columbus Blue Jackets,Carolina Hurricanes
Fri,12/18/2026,7:00 PM,Colorado Avalanche,Carolina Hurricanes
Mon,12/21/2026,8:00 PM,Vegas Golden Knights,Carolina Hurricanes
Sat,12/26/2026,5:00 PM,Carolina Hurricanes,Pittsburgh Penguins
Mon,12/28/2026,5:00 PM,Carolina Hurricanes,Tampa Bay Lightning
Tue,12/29/2026,5:00 PM,Pittsburgh Penguins,Carolina Hurricanes
Thu,12/31/2026,12:00 PM,Detroit Red Wings,Carolina Hurricanes
Sat,1/2/2027,5:00 PM,Carolina Hurricanes,Nashville Predators
Tue,1/5/2027,5:00 PM,Carolina Hurricanes,St. Louis Blues
Thu,1/7/2027,5:00 PM,Carolina Hurricanes,Pittsburgh Penguins
Thu,1/14/2027,5:00 PM,Washington Capitals,Carolina Hurricanes
Fri,1/15/2027,5:00 PM,Carolina Hurricanes,Philadelphia Flyers
Sun,1/17/2027,4:00 PM,Carolina Hurricanes,Vegas Golden Knights
Thu,1/21/2027,5:00 PM,Florida Panthers,Carolina Hurricanes
Sat,1/23/2027,5:00 PM,Carolina Hurricanes,Anaheim Ducks
Mon,1/25/2027,5:30 PM,Ottawa Senators,Carolina Hurricanes
Tue,1/26/2027,5:00 PM,Montreal Canadiens,Carolina Hurricanes
Thu,1/28/2027,5:00 PM,Carolina Hurricanes,N.Y. Islanders
Sat,1/30/2027,5:00 PM,Carolina Hurricanes,Los Angeles Kings
Tue,2/9/2027,5:00 PM,Carolina Hurricanes,Colorado Avalanche
Thu,2/11/2027,5:30 PM,Carolina Hurricanes,Minnesota Wild
Tue,2/16/2027,5:00 PM,Toronto Maple Leafs,Carolina Hurricanes
Fri,2/19/2027,5:00 PM,Carolina Hurricanes,Detroit Red Wings
Sun,2/21/2027,11:00 AM,Carolina Hurricanes,N.Y. Rangers
Tue,2/23/2027,5:00 PM,New Jersey Devils,Carolina Hurricanes
Thu,2/25/2027,5:00 PM,Carolina Hurricanes,San Jose Sharks
Sat,2/27/2027,5:00 PM,Carolina Hurricanes,Tampa Bay Lightning
Mon,3/1/2027,5:00 PM,Columbus Blue Jackets,Carolina Hurricanes
Wed,3/3/2027,5:00 PM,Washington Capitals,Carolina Hurricanes
Fri,3/5/2027,5:00 PM,Carolina Hurricanes,Toronto Maple Leafs
Tue,3/9/2027,6:00 PM,Minnesota Wild,Carolina Hurricanes
Fri,3/12/2027,5:00 PM,Carolina Hurricanes,Calgary Flames
Sat,3/13/2027,5:00 PM,Carolina Hurricanes,New Jersey Devils
Tue,3/16/2027,7:00 PM,Anaheim Ducks,Carolina Hurricanes
Thu,3/18/2027,7:00 PM,Los Angeles Kings,Carolina Hurricanes
Sat,3/20/2027,7:30 PM,San Jose Sharks,Carolina Hurricanes
Tue,3/23/2027,5:00 PM,Dallas Stars,Carolina Hurricanes
Thu,3/25/2027,4:00 PM,Carolina Hurricanes,Dallas Stars
Sat,3/27/2027,4:00 PM,Pittsburgh Penguins,Carolina Hurricanes
Mon,3/29/2027,4:00 PM,New Jersey Devils,Carolina Hurricanes
Tue,3/30/2027,4:00 PM,N.Y. Islanders,Carolina Hurricanes
Fri,4/2/2027,4:00 PM,Detroit Red Wings,Carolina Hurricanes
Sat,4/3/2027,2:00 PM,Carolina Hurricanes,New Jersey Devils
Mon,4/5/2027,11:00 AM,Carolina Hurricanes,Philadelphia Flyers
Wed,4/7/2027,4:00 PM,Carolina Hurricanes,Ottawa Senators
Sat,4/10/2027,3:00 PM,Florida Panthers,Carolina Hurricanes
Wed,9/30/2026,7:00 PM,Colorado Avalanche,Los Angeles Kings
Sat,10/3/2026,6:00 PM,Colorado Avalanche,St. Louis Blues
Wed,10/7/2026,4:30 PM,Winnipeg Jets,Colorado Avalanche
Thu,10/8/2026,6:00 PM,Calgary Flames,Colorado Avalanche
Sat,10/10/2026,4:00 PM,Colorado Avalanche,Toronto Maple Leafs
Tue,10/13/2026,5:30 PM,Dallas Stars,Colorado Avalanche
Wed,10/14/2026,6:30 PM,Colorado Avalanche,Dallas Stars
Fri,10/16/2026,6:00 PM,Colorado Avalanche,Pittsburgh Penguins
Mon,10/19/2026,4:00 PM,Philadelphia Flyers,Colorado Avalanche
Tue,10/20/2026,4:00 PM,New Jersey Devils,Colorado Avalanche
Fri,10/23/2026,6:00 PM,Colorado Avalanche,Tampa Bay Lightning
Sun,10/25/2026,5:00 PM,Nashville Predators,Colorado Avalanche
Wed,10/28/2026,6:00 PM,Colorado Avalanche,New Jersey Devils
Sat,10/31/2026,7:00 PM,Colorado Avalanche,Calgary Flames
Mon,11/2/2026,6:00 PM,Chicago Blackhawks,Colorado Avalanche
Tue,11/3/2026,5:00 PM,Columbus Blue Jackets,Colorado Avalanche
Thu,11/5/2026,7:00 PM,Colorado Avalanche,Nashville Predators
Sat,11/7/2026,7:00 PM,Colorado Avalanche,Detroit Red Wings
Tue,11/10/2026,5:00 PM,Toronto Maple Leafs,Colorado Avalanche
Thu,11/12/2026,5:00 PM,Ottawa Senators,Colorado Avalanche
Sat,11/14/2026,5:00 PM,Montreal Canadiens,Colorado Avalanche
Thu,11/19/2026,7:00 PM,Colorado Avalanche,Anaheim Ducks
Wed,11/25/2026,7:30 PM,Colorado Avalanche,Montreal Canadiens
Fri,11/27/2026,2:00 PM,Minnesota Wild,Colorado Avalanche
Sat,11/28/2026,7:00 PM,Colorado Avalanche,San Jose Sharks
Thu,12/3/2026,5:00 PM,Detroit Red Wings,Colorado Avalanche
Sat,12/5/2026,5:00 PM,N.Y. Rangers,Colorado Avalanche
Mon,12/7/2026,11:00 AM,N.Y. Islanders,Colorado Avalanche
Tue,12/8/2026,6:00 PM,St. Louis Blues,Colorado Avalanche
Sat,12/12/2026,7:00 PM,Colorado Avalanche,Washington Capitals
Wed,12/16/2026,7:00 PM,Colorado Avalanche,N.Y. Islanders
Sun,12/20/2026,6:00 PM,Colorado Avalanche,Seattle Kraken
Sun,12/27/2026,6:00 PM,Anaheim Ducks,Colorado Avalanche
Tue,12/29/2026,7:00 PM,Colorado Avalanche,St. Louis Blues
Sat,1/2/2027,8:00 PM,Vegas Golden Knights,Colorado Avalanche
Mon,1/4/2027,7:00 PM,Colorado Avalanche,Vegas Golden Knights
Wed,1/6/2027,7:30 PM,Colorado Avalanche,Ottawa Senators
Fri,1/8/2027,7:00 PM,Colorado Avalanche,Seattle Kraken
Sun,1/10/2027,6:00 PM,Colorado Avalanche,Nashville Predators
Tue,1/12/2027,5:00 PM,Pittsburgh Penguins,Colorado Avalanche
Sat,1/16/2027,5:00 PM,Washington Capitals,Colorado Avalanche
Mon,1/18/2027,1:00 PM,Colorado Avalanche,Vancouver Canucks
Fri,1/22/2027,6:00 PM,Dallas Stars,Colorado Avalanche
Sun,1/24/2027,3:00 PM,Colorado Avalanche,Dallas Stars
Tue,1/26/2027,7:00 PM,Colorado Avalanche,Edmonton Oilers
Thu,1/28/2027,6:00 PM,St. Louis Blues,Colorado Avalanche
Fri,2/12/2027,5:00 PM,Florida Panthers,Colorado Avalanche
Sat,2/13/2027,5:00 PM,Tampa Bay Lightning,Colorado Avalanche
Mon,2/15/2027,1:00 PM,Colorado Avalanche,Columbus Blue Jackets
Wed,2/17/2027,7:00 PM,Edmonton Oilers,Colorado Avalanche
Sat,2/20/2027,8:00 PM,Vancouver Canucks,Colorado Avalanche
Mon,2/22/2027,7:00 PM,Colorado Avalanche,Vegas Golden Knights
Thu,2/25/2027,8:30 PM,Colorado Avalanche,Winnipeg Jets
Sat,2/27/2027,5:00 PM,Colorado Avalanche,Florida Panthers
Sun,2/28/2027,4:30 PM,Chicago Blackhawks,Colorado Avalanche
Tue,3/2/2027,6:00 PM,Nashville Predators,Colorado Avalanche
Fri,3/5/2027,8:00 PM,San Jose Sharks,Colorado Avalanche
Sun,3/7/2027,1:30 PM,Los Angeles Kings,Colorado Avalanche
Tue,3/9/2027,7:00 PM,Colorado Avalanche,Philadelphia Flyers
Thu,3/11/2027,7:30 PM,Colorado Avalanche,N.Y. Rangers
Sat,3/13/2027,4:00 PM,Colorado Avalanche,Chicago Blackhawks
Mon,3/15/2027,6:30 PM,Colorado Avalanche,Edmonton Oilers
Wed,3/17/2027,6:00 PM,Colorado Avalanche,Minnesota Wild
Fri,3/19/2027,7:00 PM,Seattle Kraken,Colorado Avalanche
Sun,3/21/2027,2:00 PM,Colorado Avalanche,Chicago Blackhawks
Thu,3/25/2027,5:00 PM,Winnipeg Jets,Colorado Avalanche
Sat,3/27/2027,4:00 PM,Colorado Avalanche,Winnipeg Jets
Mon,3/29/2027,7:00 PM,San Jose Sharks,Colorado Avalanche
Tue,3/30/2027,7:00 PM,Anaheim Ducks,Colorado Avalanche
Fri,4/2/2027,6:00 PM,Colorado Avalanche,Los Angeles Kings
Sun,4/4/2027,11:00 AM,Minnesota Wild,Colorado Avalanche
Tue,4/6/2027,7:00 PM,Vancouver Canucks,Colorado Avalanche
Thu,4/8/2027,6:00 PM,Calgary Flames,Colorado Avalanche
Sat,4/10/2027,12:00 PM,Colorado Avalanche,Minnesota Wild
Sat,10/3/2026,7:00 PM,San Jose Sharks,Los Angeles Kings
Tue,10/6/2026,7:30 PM,Los Angeles Kings,Florida Panthers
Sat,10/10/2026,7:00 PM,Vegas Golden Knights,Los Angeles Kings
Tue,10/13/2026,7:30 PM,Los Angeles Kings,Edmonton Oilers
Tue,10/20/2026,4:00 PM,Washington Capitals,Los Angeles Kings
Thu,10/22/2026,4:30 PM,N.Y. Islanders,Los Angeles Kings
Sat,10/24/2026,12:30 PM,New Jersey Devils,Los Angeles Kings
Mon,10/26/2026,4:00 PM,N.Y. Rangers,Los Angeles Kings
Tue,10/27/2026,5:00 PM,Chicago Blackhawks,Los Angeles Kings
Thu,10/29/2026,7:00 PM,Los Angeles Kings,Ottawa Senators
Wed,11/4/2026,8:00 PM,Los Angeles Kings,San Jose Sharks
Sat,11/7/2026,7:00 PM,Los Angeles Kings,Pittsburgh Penguins
Tue,11/10/2026,8:00 PM,Los Angeles Kings,Nashville Predators
Thu,11/12/2026,8:00 PM,Los Angeles Kings,N.Y. Islanders
Sat,11/14/2026,8:00 PM,Los Angeles Kings,Calgary Flames
Thu,11/19/2026,5:00 PM,Toronto Maple Leafs,Los Angeles Kings
Sat,11/21/2026,5:00 PM,Ottawa Senators,Los Angeles Kings
Mon,11/23/2026,5:30 PM,Montreal Canadiens,Los Angeles Kings
Fri,11/27/2026,2:00 PM,Anaheim Ducks,Los Angeles Kings
Sat,11/28/2026,7:00 PM,Los Angeles Kings,Anaheim Ducks
Tue,12/1/2026,8:00 PM,Los Angeles Kings,Vegas Golden Knights
Thu,12/3/2026,8:00 PM,Los Angeles Kings,Minnesota Wild
Wed,12/9/2026,8:00 PM,Los Angeles Kings,San Jose Sharks
Fri,12/11/2026,8:00 PM,San Jose Sharks,Los Angeles Kings
Sat,12/12/2026,8:00 PM,Los Angeles Kings,Vancouver Canucks
Tue,12/15/2026,5:00 PM,Detroit Red Wings,Los Angeles Kings
Thu,12/17/2026,5:00 PM,Pittsburgh Penguins,Los Angeles Kings
Sat,12/19/2026,5:00 PM,Columbus Blue Jackets,Los Angeles Kings
Tue,12/22/2026,6:00 PM,Minnesota Wild,Los Angeles Kings
Mon,12/28/2026,7:30 PM,Vancouver Canucks,Los Angeles Kings
Wed,12/30/2026,8:00 PM,Los Angeles Kings,Toronto Maple Leafs
Sat,1/2/2027,7:00 PM,Los Angeles Kings,New Jersey Devils
Mon,1/4/2027,8:00 PM,Los Angeles Kings,Philadelphia Flyers
Wed,1/6/2027,8:00 PM,Los Angeles Kings,Washington Capitals
Sat,1/9/2027,7:00 PM,Los Angeles Kings,Dallas Stars
Mon,1/11/2027,8:00 PM,Los Angeles Kings,N.Y. Rangers
Wed,1/13/2027,8:00 PM,Los Angeles Kings,St. Louis Blues
Sat,1/16/2027,8:00 PM,Calgary Flames,Los Angeles Kings
Tue,1/19/2027,8:00 PM,Los Angeles Kings,Seattle Kraken
Thu,1/21/2027,8:00 PM,Los Angeles Kings,Edmonton Oilers
Sat,1/23/2027,3:00 PM,Nashville Predators,Los Angeles Kings
Sun,1/24/2027,4:00 PM,Florida Panthers,Los Angeles Kings
Tue,1/26/2027,5:00 PM,Tampa Bay Lightning,Los Angeles Kings
Thu,1/28/2027,5:00 PM,Philadelphia Flyers,Los Angeles Kings
Mon,2/8/2027,6:00 PM,Dallas Stars,Los Angeles Kings
Tue,2/9/2027,6:00 PM,St. Louis Blues,Los Angeles Kings
Thu,2/11/2027,8:00 PM,Los Angeles Kings,Detroit Red Wings
Sat,2/13/2027,4:00 PM,Los Angeles Kings,Chicago Blackhawks
Mon,2/15/2027,8:00 PM,Los Angeles Kings,Calgary Flames
Wed,2/17/2027,5:30 PM,Winnipeg Jets,Los Angeles Kings
Thu,2/18/2027,6:00 PM,Minnesota Wild,Los Angeles Kings
Sat,2/20/2027,8:30 PM,Los Angeles Kings,Seattle Kraken
Wed,2/24/2027,8:00 PM,Los Angeles Kings,Montreal Canadiens
Fri,2/26/2027,6:00 PM,Chicago Blackhawks,Los Angeles Kings
Sat,2/27/2027,6:00 PM,Nashville Predators,Los Angeles Kings
Mon,3/1/2027,8:00 PM,Los Angeles Kings,Anaheim Ducks
Wed,3/3/2027,8:00 PM,Los Angeles Kings,Tampa Bay Lightning
Fri,3/5/2027,8:00 PM,Los Angeles Kings,Columbus Blue Jackets
Tue,3/9/2027,6:00 PM,Edmonton Oilers,Los Angeles Kings
Thu,3/11/2027,7:40 PM,Seattle Kraken,Los Angeles Kings
Sat,3/13/2027,7:00 PM,Los Angeles Kings,Dallas Stars
Tue,3/16/2027,7:00 PM,Los Angeles Kings,Winnipeg Jets
Sun,3/21/2027,5:00 PM,Seattle Kraken,Los Angeles Kings
Tue,3/23/2027,7:00 PM,Vancouver Canucks,Los Angeles Kings
Thu,3/25/2027,6:00 PM,Calgary Flames,Los Angeles Kings
Sat,3/27/2027,12:30 PM,Edmonton Oilers,Los Angeles Kings
Mon,3/29/2027,6:30 PM,Los Angeles Kings,Vancouver Canucks
Wed,3/31/2027,7:00 PM,Los Angeles Kings,Winnipeg Jets
Sat,4/3/2027,7:30 PM,Los Angeles Kings,St. Louis Blues
Tue,4/6/2027,7:00 PM,Anaheim Ducks,Los Angeles Kings
Thu,4/8/2027,7:00 PM,Los Angeles Kings,Vegas Golden Knights
Sat,4/10/2027,7:30 PM,Vegas Golden Knights,Los Angeles Kings
Thu,10/1/2026,5:00 PM,Nashville Predators,Minnesota Wild
Thu,10/8/2026,4:00 PM,Tampa Bay Lightning,Minnesota Wild
Sat,10/10/2026,3:00 PM,Florida Panthers,Minnesota Wild
Mon,10/12/2026,5:00 PM,Minnesota Wild,Vegas Golden Knights
Tue,10/13/2026,5:15 PM,Winnipeg Jets,Minnesota Wild
Thu,10/15/2026,5:00 PM,Minnesota Wild,St. Louis Blues
Sun,10/18/2026,3:00 PM,Minnesota Wild,Columbus Blue Jackets
Tue,10/20/2026,6:00 PM,Edmonton Oilers,Minnesota Wild
Thu,10/22/2026,6:00 PM,Calgary Flames,Minnesota Wild
Sat,10/24/2026,7:00 PM,Seattle Kraken,Minnesota Wild
Sun,10/25/2026,7:00 PM,Vancouver Canucks,Minnesota Wild
Thu,10/29/2026,5:00 PM,Minnesota Wild,N.Y. Islanders
Sun,11/1/2026,1:30 PM,Washington Capitals,Minnesota Wild
Tue,11/3/2026,5:00 PM,Philadelphia Flyers,Minnesota Wild
Fri,11/6/2026,6:00 PM,Minnesota Wild,San Jose Sharks
Sat,11/7/2026,6:00 PM,Minnesota Wild,Tampa Bay Lightning
Tue,11/10/2026,5:00 PM,Montreal Canadiens,Minnesota Wild
Thu,11/12/2026,5:00 PM,Toronto Maple Leafs,Minnesota Wild
Tue,11/17/2026,6:00 PM,Minnesota Wild,Nashville Predators
Thu,11/19/2026,6:00 PM,Calgary Flames,Minnesota Wild
Sat,11/21/2026,8:00 PM,Vancouver Canucks,Minnesota Wild
Mon,11/23/2026,8:00 PM,San Jose Sharks,Minnesota Wild
Sun,11/29/2026,1:00 PM,Chicago Blackhawks,Minnesota Wild
Tue,12/1/2026,8:00 PM,Anaheim Ducks,Minnesota Wild
Sat,12/5/2026,6:00 PM,Minnesota Wild,Philadelphia Flyers
Tue,12/8/2026,7:00 PM,Minnesota Wild,Edmonton Oilers
Thu,12/10/2026,5:00 PM,Columbus Blue Jackets,Minnesota Wild
Sat,12/12/2026,1:30 PM,Minnesota Wild,Winnipeg Jets
Tue,12/15/2026,6:00 PM,Minnesota Wild,Toronto Maple Leafs
Fri,12/18/2026,6:00 PM,Minnesota Wild,Anaheim Ducks
Sat,12/19/2026,5:00 PM,Minnesota Wild,Montreal Canadiens
Sat,12/26/2026,5:00 PM,Minnesota Wild,Winnipeg Jets
Mon,12/28/2026,12:00 PM,Minnesota Wild,Vegas Golden Knights
Fri,1/1/2027,4:00 PM,Pittsburgh Penguins,Minnesota Wild
Sat,1/2/2027,5:00 PM,Minnesota Wild,St. Louis Blues
Tue,1/5/2027,8:00 PM,Anaheim Ducks,Minnesota Wild
Thu,1/7/2027,7:30 PM,Vegas Golden Knights,Minnesota Wild
Sat,1/9/2027,6:00 PM,Minnesota Wild,Nashville Predators
Thu,1/14/2027,7:00 PM,Minnesota Wild,Florida Panthers
Sat,1/16/2027,5:00 PM,St. Louis Blues,Minnesota Wild
Sun,1/17/2027,3:00 PM,Detroit Red Wings,Minnesota Wild
Tue,1/19/2027,6:00 PM,Winnipeg Jets,Minnesota Wild
Thu,1/21/2027,7:00 PM,Minnesota Wild,Detroit Red Wings
Sat,1/23/2027,6:00 PM,Minnesota Wild,N.Y. Rangers
Tue,1/26/2027,6:00 PM,Minnesota Wild,Vancouver Canucks
Thu,1/28/2027,7:00 PM,Minnesota Wild,Seattle Kraken
Sat,1/30/2027,7:00 PM,Minnesota Wild,Dallas Stars
Sat,2/13/2027,5:00 PM,N.Y. Islanders,Minnesota Wild
Mon,2/15/2027,5:30 PM,Minnesota Wild,Ottawa Senators
Tue,2/16/2027,6:00 PM,Dallas Stars,Minnesota Wild
Sat,2/20/2027,1:00 PM,Chicago Blackhawks,Minnesota Wild
Tue,2/23/2027,6:00 PM,Minnesota Wild,Pittsburgh Penguins
Sat,2/27/2027,2:00 PM,St. Louis Blues,Minnesota Wild
Sun,2/28/2027,1:30 PM,Minnesota Wild,New Jersey Devils
Wed,3/3/2027,6:00 PM,Dallas Stars,Minnesota Wild
Sat,3/6/2027,6:00 PM,Nashville Predators,Minnesota Wild
Sun,3/7/2027,6:30 PM,Minnesota Wild,Washington Capitals
Thu,3/11/2027,5:00 PM,Ottawa Senators,Minnesota Wild
Fri,3/19/2027,5:00 PM,Minnesota Wild,Calgary Flames
Tue,3/23/2027,5:00 PM,Minnesota Wild,Chicago Blackhawks
Thu,3/25/2027,6:00 PM,Minnesota Wild,Edmonton Oilers
Sat,3/27/2027,1:00 PM,Minnesota Wild,Seattle Kraken
Mon,3/29/2027,4:00 PM,N.Y. Rangers,Minnesota Wild
Wed,3/31/2027,4:30 PM,New Jersey Devils,Minnesota Wild
Fri,4/2/2027,5:00 PM,Minnesota Wild,Dallas Stars
Tue,4/6/2027,5:00 PM,Minnesota Wild,Chicago Blackhawks
Thu,4/8/2027,6:30 PM,San Jose Sharks,Minnesota Wild
Tue,9/29/2026,4:00 PM,Toronto Maple Leafs,Montreal Canadiens
Sat,10/3/2026,4:00 PM,Pittsburgh Penguins,Montreal Canadiens
Thu,10/8/2026,4:00 PM,Montreal Canadiens,Nashville Predators
Sat,10/10/2026,4:00 PM,Montreal Canadiens,Detroit Red Wings
Wed,10/14/2026,4:30 PM,Washington Capitals,Montreal Canadiens
Tue,10/20/2026,4:00 PM,Montreal Canadiens,San Jose Sharks
Fri,10/23/2026,5:00 PM,Chicago Blackhawks,Montreal Canadiens
Sun,10/25/2026,4:00 PM,Winnipeg Jets,Montreal Canadiens
Tue,10/27/2026,5:00 PM,St. Louis Blues,Montreal Canadiens
Thu,10/29/2026,5:00 PM,Dallas Stars,Montreal Canadiens
Sat,10/31/2026,4:00 PM,Montreal Canadiens,Pittsburgh Penguins
Tue,11/3/2026,5:00 PM,Montreal Canadiens,Winnipeg Jets
Sat,11/7/2026,5:00 PM,Toronto Maple Leafs,Montreal Canadiens
Mon,11/16/2026,5:30 PM,N.Y. Rangers,Montreal Canadiens
Wed,11/18/2026,5:30 PM,New Jersey Devils,Montreal Canadiens
Sat,11/21/2026,5:00 PM,Montreal Canadiens,Philadelphia Flyers
Sat,11/28/2026,2:00 PM,Vegas Golden Knights,Montreal Canadiens
Wed,12/2/2026,5:30 PM,Montreal Canadiens,Tampa Bay Lightning
Sat,12/5/2026,11:00 AM,Montreal Canadiens,Florida Panthers
Sun,12/6/2026,5:00 PM,Montreal Canadiens,Ottawa Senators
Tue,12/8/2026,5:00 PM,Montreal Canadiens,Vegas Golden Knights
Thu,12/10/2026,5:00 PM,Montreal Canadiens,Anaheim Ducks
Sat,12/12/2026,11:00 AM,Columbus Blue Jackets,Montreal Canadiens
Mon,12/14/2026,5:30 PM,Montreal Canadiens,Edmonton Oilers
Tue,12/22/2026,5:00 PM,Columbus Blue Jackets,Montreal Canadiens
Sat,12/26/2026,5:00 PM,Montreal Canadiens,Toronto Maple Leafs
Sun,12/27/2026,5:00 PM,Montreal Canadiens,Dallas Stars
Tue,12/29/2026,5:00 PM,Montreal Canadiens,Columbus Blue Jackets
Thu,12/31/2026,12:00 PM,Tampa Bay Lightning,Montreal Canadiens
Sat,1/2/2027,2:00 PM,Florida Panthers,Montreal Canadiens
Mon,1/4/2027,5:30 PM,Montreal Canadiens,Chicago Blackhawks
Sat,1/9/2027,5:00 PM,Montreal Canadiens,Pittsburgh Penguins
Wed,1/13/2027,5:00 PM,Montreal Canadiens,New Jersey Devils
Thu,1/14/2027,6:00 PM,Nashville Predators,Montreal Canadiens
Sat,1/16/2027,5:00 PM,Philadelphia Flyers,Montreal Canadiens
Tue,1/19/2027,5:00 PM,Washington Capitals,Montreal Canadiens
Thu,1/21/2027,5:00 PM,Montreal Canadiens,St. Louis Blues
Sat,1/23/2027,5:00 PM,Montreal Canadiens,Calgary Flames
Thu,1/28/2027,6:00 PM,Calgary Flames,Montreal Canadiens
Sat,1/30/2027,5:00 PM,Edmonton Oilers,Montreal Canadiens
Mon,2/1/2027,6:30 PM,Vancouver Canucks,Montreal Canadiens
Wed,2/3/2027,7:40 PM,Seattle Kraken,Montreal Canadiens
Sat,2/13/2027,11:00 AM,Montreal Canadiens,Washington Capitals
Sun,2/14/2027,11:00 AM,Montreal Canadiens,N.Y. Rangers
Thu,2/18/2027,5:00 PM,Detroit Red Wings,Montreal Canadiens
Sat,2/20/2027,5:00 PM,Montreal Canadiens,N.Y. Islanders
Mon,2/22/2027,11:00 AM,Philadelphia Flyers,Montreal Canadiens
Sat,2/27/2027,5:00 PM,Anaheim Ducks,Montreal Canadiens
Mon,3/1/2027,8:00 PM,San Jose Sharks,Montreal Canadiens
Thu,3/4/2027,5:00 PM,Montreal Canadiens,Seattle Kraken
Sat,3/6/2027,5:00 PM,Montreal Canadiens,Vancouver Canucks
Tue,3/9/2027,5:00 PM,N.Y. Islanders,Montreal Canadiens
Sat,3/13/2027,5:00 PM,Ottawa Senators,Montreal Canadiens
Tue,3/16/2027,4:00 PM,Montreal Canadiens,Florida Panthers
Thu,3/18/2027,4:00 PM,Montreal Canadiens,Tampa Bay Lightning
Sat,3/20/2027,10:00 AM,Detroit Red Wings,Montreal Canadiens
Mon,3/22/2027,4:30 PM,Montreal Canadiens,Toronto Maple Leafs
Wed,3/24/2027,4:30 PM,Montreal Canadiens,Ottawa Senators
Sat,3/27/2027,4:00 PM,Montreal Canadiens,New Jersey Devils
Sun,3/28/2027,4:00 PM,Montreal Canadiens,Detroit Red Wings
Thu,4/1/2027,4:00 PM,Montreal Canadiens,N.Y. Rangers
Sun,4/4/2027,4:30 PM,N.Y. Islanders,Montreal Canadiens
Tue,4/6/2027,4:00 PM,Florida Panthers,Montreal Canadiens
Thu,4/8/2027,4:00 PM,Tampa Bay Lightning,Montreal Canadiens
Sat,4/10/2027,4:00 PM,Ottawa Senators,Montreal Canadiens
Sat,10/3/2026,5:00 PM,Nashville Predators,Dallas Stars
Tue,10/6/2026,4:00 PM,Toronto Maple Leafs,Nashville Predators
Sat,10/10/2026,4:00 PM,Ottawa Senators,Nashville Predators
Tue,10/13/2026,5:45 PM,Nashville Predators,Vegas Golden Knights
Thu,10/15/2026,5:00 PM,Nashville Predators,San Jose Sharks
Sat,10/17/2026,5:00 PM,Nashville Predators,St. Louis Blues
Sat,10/24/2026,4:00 PM,Pittsburgh Penguins,Nashville Predators
Tue,10/27/2026,5:00 PM,Nashville Predators,N.Y. Islanders
Thu,10/29/2026,5:00 PM,Nashville Predators,Washington Capitals
Sat,10/31/2026,11:00 AM,Nashville Predators,Tampa Bay Lightning
Sat,11/7/2026,11:30 AM,Nashville Predators,St. Louis Blues
Wed,11/11/2026,8:00 PM,Anaheim Ducks,Nashville Predators
Fri,11/13/2026,8:00 PM,Vegas Golden Knights,Nashville Predators
Sun,11/15/2026,7:00 PM,San Jose Sharks,Nashville Predators
Sat,11/21/2026,4:00 PM,Nashville Predators,Pittsburgh Penguins
Wed,11/25/2026,6:00 PM,Dallas Stars,Nashville Predators
Sat,11/28/2026,5:00 PM,Detroit Red Wings,Nashville Predators
Mon,11/30/2026,11:00 AM,Nashville Predators,Ottawa Senators
Thu,12/3/2026,6:00 PM,Nashville Predators,Chicago Blackhawks
Sat,12/5/2026,12:00 PM,Nashville Predators,Columbus Blue Jackets
Sun,12/6/2026,3:00 PM,St. Louis Blues,Nashville Predators
Tue,12/8/2026,6:00 PM,Calgary Flames,Nashville Predators
Thu,12/10/2026,7:00 PM,Vancouver Canucks,Nashville Predators
Sat,12/12/2026,8:00 PM,Seattle Kraken,Nashville Predators
Tue,12/15/2026,6:00 PM,Nashville Predators,Seattle Kraken
Fri,12/18/2026,5:00 PM,N.Y. Rangers,Nashville Predators
Sun,12/20/2026,5:00 PM,New Jersey Devils,Nashville Predators
Tue,12/22/2026,6:00 PM,Nashville Predators,Winnipeg Jets
Sat,12/26/2026,5:00 PM,Nashville Predators,Detroit Red Wings
Mon,12/28/2026,5:00 PM,Florida Panthers,Nashville Predators
Tue,12/29/2026,5:00 PM,Tampa Bay Lightning,Nashville Predators
Fri,1/1/2027,12:00 PM,Nashville Predators,Florida Panthers
Tue,1/5/2027,6:00 PM,Nashville Predators,Edmonton Oilers
Thu,1/7/2027,6:00 PM,Winnipeg Jets,Nashville Predators
Tue,1/12/2027,6:00 PM,Nashville Predators,Philadelphia Flyers
Mon,1/18/2027,1:00 PM,N.Y. Islanders,Nashville Predators
Wed,1/20/2027,12:00 PM,Nashville Predators,Vancouver Canucks
Thu,1/21/2027,5:00 PM,Philadelphia Flyers,Nashville Predators
Tue,1/26/2027,6:00 PM,Nashville Predators,Vegas Golden Knights
Thu,1/28/2027,8:00 PM,San Jose Sharks,Nashville Predators
Sat,1/30/2027,8:00 PM,Anaheim Ducks,Nashville Predators
Sat,2/13/2027,11:30 AM,Nashville Predators,Anaheim Ducks
Tue,2/16/2027,6:00 PM,Nashville Predators,New Jersey Devils
Thu,2/18/2027,6:00 PM,Nashville Predators,Toronto Maple Leafs
Sat,2/20/2027,3:00 PM,Columbus Blue Jackets,Nashville Predators
Sun,2/21/2027,4:00 PM,Washington Capitals,Nashville Predators
Tue,2/23/2027,6:00 PM,Nashville Predators,Winnipeg Jets
Thu,2/25/2027,6:00 PM,Nashville Predators,Edmonton Oilers
Tue,3/9/2027,6:00 PM,St. Louis Blues,Nashville Predators
Thu,3/11/2027,6:00 PM,Edmonton Oilers,Nashville Predators
Sat,3/13/2027,1:30 PM,Winnipeg Jets,Nashville Predators
Mon,3/15/2027,6:30 PM,Calgary Flames,Nashville Predators
Wed,3/17/2027,7:00 PM,Vancouver Canucks,Nashville Predators
Tue,3/23/2027,5:00 PM,Nashville Predators,N.Y. Rangers
Fri,3/26/2027,5:00 PM,Chicago Blackhawks,Nashville Predators
Sat,3/27/2027,5:00 PM,Dallas Stars,Nashville Predators
Thu,4/1/2027,5:00 PM,Nashville Predators,Chicago Blackhawks
Sat,4/3/2027,12:30 PM,Nashville Predators,Calgary Flames
Tue,4/6/2027,5:00 PM,Nashville Predators,Seattle Kraken
Thu,4/8/2027,5:00 PM,Chicago Blackhawks,Nashville Predators
Sat,4/10/2027,3:00 PM,Nashville Predators,Dallas Stars
Wed,9/30/2026,4:30 PM,Toronto Maple Leafs,N.Y. Islanders
Sat,10/3/2026,4:30 PM,N.Y. Islanders,New Jersey Devils
Tue,10/6/2026,4:00 PM,N.Y. Rangers,N.Y. Islanders
Thu,10/8/2026,4:30 PM,N.Y. Islanders,Chicago Blackhawks
Sat,10/10/2026,4:30 PM,N.Y. Islanders,Tampa Bay Lightning
Tue,10/13/2026,4:45 PM,N.Y. Islanders,Vancouver Canucks
Thu,10/15/2026,4:00 PM,Ottawa Senators,N.Y. Islanders
Sat,10/17/2026,4:00 PM,Toronto Maple Leafs,N.Y. Islanders
Tue,10/20/2026,4:00 PM,N.Y. Islanders,Anaheim Ducks
Sun,10/25/2026,3:00 PM,Dallas Stars,N.Y. Islanders
Sat,10/31/2026,12:30 PM,N.Y. Islanders,Edmonton Oilers
Sat,11/7/2026,5:00 PM,N.Y. Islanders,New Jersey Devils
Mon,11/9/2026,8:00 PM,San Jose Sharks,N.Y. Islanders
Sat,11/14/2026,8:00 PM,Anaheim Ducks,N.Y. Islanders
Tue,11/17/2026,5:00 PM,N.Y. Islanders,Columbus Blue Jackets
Thu,11/19/2026,6:00 PM,Winnipeg Jets,N.Y. Islanders
Sat,11/21/2026,5:00 PM,Detroit Red Wings,N.Y. Islanders
Mon,11/23/2026,5:30 PM,N.Y. Islanders,Toronto Maple Leafs
Wed,11/25/2026,5:00 PM,N.Y. Islanders,St. Louis Blues
Fri,11/27/2026,5:30 PM,N.Y. Islanders,Winnipeg Jets
Sat,11/28/2026,5:30 PM,Philadelphia Flyers,N.Y. Islanders
Tue,12/1/2026,5:00 PM,N.Y. Islanders,Florida Panthers
Thu,12/3/2026,5:00 PM,Philadelphia Flyers,N.Y. Islanders
Fri,12/4/2026,5:00 PM,N.Y. Islanders,San Jose Sharks
Thu,12/10/2026,5:00 PM,N.Y. Islanders,Calgary Flames
Fri,12/18/2026,8:00 PM,Vegas Golden Knights,N.Y. Islanders
Sun,12/20/2026,5:00 PM,N.Y. Islanders,N.Y. Rangers
Sun,12/27/2026,5:00 PM,N.Y. Islanders,Ottawa Senators
Wed,12/30/2026,2:00 PM,N.Y. Islanders,Washington Capitals
Sat,1/2/2027,8:00 PM,Seattle Kraken,N.Y. Islanders
Tue,1/5/2027,7:00 PM,Vancouver Canucks,N.Y. Islanders
Thu,1/7/2027,6:00 PM,Calgary Flames,N.Y. Islanders
Sat,1/9/2027,1:30 PM,Edmonton Oilers,N.Y. Islanders
Wed,1/13/2027,5:30 PM,N.Y. Islanders,Pittsburgh Penguins
Fri,1/15/2027,5:00 PM,N.Y. Islanders,Dallas Stars
Sat,1/16/2027,5:00 PM,New Jersey Devils,N.Y. Islanders
Fri,1/22/2027,5:00 PM,Washington Capitals,N.Y. Islanders
Sat,1/23/2027,5:30 PM,N.Y. Islanders,Seattle Kraken
Tue,1/26/2027,5:00 PM,Pittsburgh Penguins,N.Y. Islanders
Sat,1/30/2027,5:00 PM,Tampa Bay Lightning,N.Y. Islanders
Mon,2/1/2027,11:00 AM,Florida Panthers,N.Y. Islanders
Fri,2/12/2027,5:00 PM,N.Y. Rangers,N.Y. Islanders
Thu,2/18/2027,5:00 PM,N.Y. Islanders,N.Y. Rangers
Mon,2/22/2027,5:00 PM,Columbus Blue Jackets,N.Y. Islanders
Tue,2/23/2027,6:00 PM,Chicago Blackhawks,N.Y. Islanders
Fri,2/26/2027,5:00 PM,N.Y. Islanders,Philadelphia Flyers
Sat,2/27/2027,5:00 PM,Columbus Blue Jackets,N.Y. Islanders
Mon,3/1/2027,5:00 PM,N.Y. Islanders,Washington Capitals
Thu,3/4/2027,5:00 PM,N.Y. Islanders,Vegas Golden Knights
Sun,3/7/2027,11:00 AM,N.Y. Islanders,Pittsburgh Penguins
Fri,3/12/2027,5:00 PM,Florida Panthers,N.Y. Islanders
Sat,3/13/2027,5:00 PM,Tampa Bay Lightning,N.Y. Islanders
Wed,3/17/2027,4:00 PM,Washington Capitals,N.Y. Islanders
Sat,3/20/2027,12:00 PM,N.Y. Islanders,Philadelphia Flyers
Thu,3/25/2027,5:00 PM,St. Louis Blues,N.Y. Islanders
Sat,3/27/2027,4:30 PM,N.Y. Islanders,Detroit Red Wings
Thu,4/1/2027,4:00 PM,Pittsburgh Penguins,N.Y. Islanders
Fri,4/2/2027,4:00 PM,N.Y. Islanders,Ottawa Senators
Tue,4/6/2027,4:30 PM,N.Y. Islanders,Detroit Red Wings
Thu,4/8/2027,4:00 PM,New Jersey Devils,N.Y. Islanders
Sat,4/10/2027,2:00 PM,N.Y. Islanders,Columbus Blue Jackets
Sat,10/3/2026,4:00 PM,Toronto Maple Leafs,Ottawa Senators
Tue,10/6/2026,4:00 PM,Detroit Red Wings,Ottawa Senators
Thu,10/8/2026,4:00 PM,Ottawa Senators,Philadelphia Flyers
Mon,10/12/2026,4:00 PM,New Jersey Devils,Ottawa Senators
Tue,10/13/2026,4:30 PM,Ottawa Senators,St. Louis Blues
Sat,10/17/2026,4:00 PM,Philadelphia Flyers,Ottawa Senators
Wed,10/21/2026,4:30 PM,Ottawa Senators,Florida Panthers
Thu,10/22/2026,4:00 PM,Ottawa Senators,San Jose Sharks
Sat,10/24/2026,4:00 PM,Ottawa Senators,N.Y. Rangers
Tue,10/27/2026,7:00 PM,Vegas Golden Knights,Ottawa Senators
Sat,10/31/2026,1:00 PM,San Jose Sharks,Ottawa Senators
Sun,11/1/2026,6:00 PM,Anaheim Ducks,Ottawa Senators
Tue,11/10/2026,5:00 PM,Ottawa Senators,Washington Capitals
Sat,11/14/2026,5:00 PM,Pittsburgh Penguins,Ottawa Senators
Tue,11/17/2026,6:00 PM,Winnipeg Jets,Ottawa Senators
Thu,11/19/2026,5:00 PM,Ottawa Senators,Philadelphia Flyers
Mon,11/23/2026,5:30 PM,Ottawa Senators,Calgary Flames
Wed,11/25/2026,5:00 PM,Florida Panthers,Ottawa Senators
Fri,11/27/2026,1:00 PM,Tampa Bay Lightning,Ottawa Senators
Thu,12/3/2026,5:00 PM,Ottawa Senators,New Jersey Devils
Sat,12/5/2026,5:00 PM,Ottawa Senators,Tampa Bay Lightning
Tue,12/8/2026,5:00 PM,Ottawa Senators,Anaheim Ducks
Thu,12/10/2026,5:00 PM,Ottawa Senators,Vegas Golden Knights
Sat,12/12/2026,5:00 PM,Ottawa Senators,Edmonton Oilers
Fri,12/18/2026,5:00 PM,Ottawa Senators,Chicago Blackhawks
Sun,12/20/2026,1:00 PM,Chicago Blackhawks,Ottawa Senators
Tue,12/29/2026,5:00 PM,Ottawa Senators,Dallas Stars
Thu,12/31/2026,12:00 PM,Ottawa Senators,Pittsburgh Penguins
Sat,1/2/2027,5:00 PM,Washington Capitals,Ottawa Senators
Fri,1/8/2027,6:00 PM,St. Louis Blues,Ottawa Senators
Tue,1/12/2027,6:00 PM,Dallas Stars,Ottawa Senators
Thu,1/14/2027,5:00 PM,Ottawa Senators,Winnipeg Jets
Sat,1/16/2027,1:30 PM,Tampa Bay Lightning,Ottawa Senators
Mon,1/18/2027,5:30 PM,Florida Panthers,Ottawa Senators
Wed,1/20/2027,5:30 PM,Ottawa Senators,Toronto Maple Leafs
Sat,1/23/2027,1:30 PM,Ottawa Senators,Columbus Blue Jackets
Sat,1/30/2027,5:00 PM,Ottawa Senators,N.Y. Rangers
Tue,2/9/2027,5:00 PM,Ottawa Senators,Columbus Blue Jackets
Thu,2/11/2027,5:00 PM,Columbus Blue Jackets,Ottawa Senators
Sat,2/13/2027,5:00 PM,Ottawa Senators,Toronto Maple Leafs
Wed,2/17/2027,7:40 PM,Seattle Kraken,Ottawa Senators
Thu,2/18/2027,7:00 PM,Vancouver Canucks,Ottawa Senators
Sun,2/21/2027,5:00 PM,Calgary Flames,Ottawa Senators
Mon,2/22/2027,5:30 PM,Edmonton Oilers,Ottawa Senators
Thu,2/25/2027,5:00 PM,Ottawa Senators,Detroit Red Wings
Tue,3/2/2027,5:00 PM,New Jersey Devils,Ottawa Senators
Sat,3/6/2027,1:30 PM,Ottawa Senators,Seattle Kraken
Tue,3/9/2027,5:00 PM,Pittsburgh Penguins,Ottawa Senators
Sun,3/14/2027,2:00 PM,Ottawa Senators,Vancouver Canucks
Tue,3/16/2027,4:00 PM,N.Y. Rangers,Ottawa Senators
Thu,3/18/2027,4:00 PM,Ottawa Senators,Florida Panthers
Sat,3/20/2027,4:00 PM,Ottawa Senators,Tampa Bay Lightning
Sat,3/27/2027,4:00 PM,Toronto Maple Leafs,Ottawa Senators
Tue,3/30/2027,4:00 PM,Detroit Red Wings,Ottawa Senators
Sun,4/4/2027,2:00 PM,Ottawa Senators,Detroit Red Wings
Thu,4/8/2027,4:00 PM,Ottawa Senators,Washington Capitals
Wed,9/30/2026,4:30 PM,Philadelphia Flyers,Pittsburgh Penguins
Mon,10/5/2026,4:30 PM,Pittsburgh Penguins,Winnipeg Jets
Wed,10/7/2026,4:30 PM,Washington Capitals,Pittsburgh Penguins
Fri,10/9/2026,4:00 PM,Columbus Blue Jackets,Pittsburgh Penguins
Sat,10/10/2026,4:00 PM,Pittsburgh Penguins,Dallas Stars
Tue,10/13/2026,5:00 PM,Chicago Blackhawks,Pittsburgh Penguins
Sat,10/17/2026,7:00 PM,Vegas Golden Knights,Pittsburgh Penguins
Thu,10/22/2026,4:00 PM,Pittsburgh Penguins,Florida Panthers
Tue,11/3/2026,5:00 PM,Pittsburgh Penguins,Vegas Golden Knights
Sun,11/8/2026,6:00 PM,Anaheim Ducks,Pittsburgh Penguins
Wed,11/11/2026,8:00 PM,San Jose Sharks,Pittsburgh Penguins
Thu,11/19/2026,5:00 PM,Pittsburgh Penguins,St. Louis Blues
Sun,11/22/2026,5:00 PM,Dallas Stars,Pittsburgh Penguins
Wed,11/25/2026,5:00 PM,Pittsburgh Penguins,Calgary Flames
Sat,11/28/2026,5:00 PM,Pittsburgh Penguins,Toronto Maple Leafs
Mon,11/30/2026,5:00 PM,Pittsburgh Penguins,Columbus Blue Jackets
Wed,12/2/2026,6:00 PM,St. Louis Blues,Pittsburgh Penguins
Sat,12/5/2026,1:00 PM,Pittsburgh Penguins,New Jersey Devils
Sun,12/6/2026,1:00 PM,Pittsburgh Penguins,San Jose Sharks
Tue,12/8/2026,5:00 PM,Pittsburgh Penguins,Chicago Blackhawks
Thu,12/10/2026,5:00 PM,Florida Panthers,Pittsburgh Penguins
Sat,12/12/2026,1:30 PM,Tampa Bay Lightning,Pittsburgh Penguins
Tue,12/15/2026,5:00 PM,Pittsburgh Penguins,Tampa Bay Lightning
Fri,12/18/2026,5:00 PM,Pittsburgh Penguins,Seattle Kraken
Sun,1/3/2027,1:00 PM,Pittsburgh Penguins,Edmonton Oilers
Sat,1/16/2027,5:00 PM,Toronto Maple Leafs,Pittsburgh Penguins
Mon,1/18/2027,2:00 PM,Pittsburgh Penguins,Washington Capitals
Thu,1/21/2027,5:00 PM,Pittsburgh Penguins,Anaheim Ducks
Sat,1/23/2027,5:00 PM,Pittsburgh Penguins,Vancouver Canucks
Mon,1/25/2027,5:00 PM,Detroit Red Wings,Pittsburgh Penguins
Fri,1/29/2027,5:00 PM,Pittsburgh Penguins,N.Y. Rangers
Sun,1/31/2027,10:00 AM,Pittsburgh Penguins,Philadelphia Flyers
Tue,2/2/2027,5:00 PM,Pittsburgh Penguins,Tampa Bay Lightning
Sat,2/13/2027,5:00 PM,Edmonton Oilers,Pittsburgh Penguins
Mon,2/15/2027,2:00 PM,Seattle Kraken,Pittsburgh Penguins
Tue,2/16/2027,7:00 PM,Vancouver Canucks,Pittsburgh Penguins
Fri,2/19/2027,6:00 PM,Calgary Flames,Pittsburgh Penguins
Sun,2/21/2027,4:00 PM,Winnipeg Jets,Pittsburgh Penguins
Thu,2/25/2027,5:00 PM,Pittsburgh Penguins,Toronto Maple Leafs
Sun,2/28/2027,11:00 AM,Pittsburgh Penguins,N.Y. Rangers
Thu,3/4/2027,5:00 PM,Florida Panthers,Pittsburgh Penguins
Sat,3/13/2027,1:00 PM,Pittsburgh Penguins,Washington Capitals
Sun,3/14/2027,11:00 AM,Pittsburgh Penguins,Detroit Red Wings
Tue,3/16/2027,4:00 PM,Columbus Blue Jackets,Pittsburgh Penguins
Thu,3/18/2027,4:00 PM,New Jersey Devils,Pittsburgh Penguins
Sat,3/20/2027,5:00 PM,N.Y. Rangers,Pittsburgh Penguins
Mon,3/22/2027,4:00 PM,Pittsburgh Penguins,Columbus Blue Jackets
Thu,3/25/2027,4:00 PM,Pittsburgh Penguins,New Jersey Devils
Tue,3/30/2027,4:00 PM,Philadelphia Flyers,Pittsburgh Penguins
Sat,4/3/2027,5:00 PM,Pittsburgh Penguins,Philadelphia Flyers
Sun,4/4/2027,4:00 PM,Washington Capitals,Pittsburgh Penguins
Tue,4/6/2027,4:30 PM,N.Y. Rangers,Pittsburgh Penguins
Fri,4/9/2027,4:00 PM,Detroit Red Wings,Pittsburgh Penguins
Sat,4/10/2027,3:00 PM,New Jersey Devils,Pittsburgh Penguins
Thu,10/1/2026,7:00 PM,San Jose Sharks,Florida Panthers
Mon,10/5/2026,5:00 PM,Dallas Stars,San Jose Sharks
Thu,10/8/2026,5:00 PM,St. Louis Blues,San Jose Sharks
Sat,10/10/2026,1:00 PM,San Jose Sharks,Edmonton Oilers
Sat,10/17/2026,4:00 PM,Detroit Red Wings,San Jose Sharks
Mon,10/19/2026,4:30 PM,Toronto Maple Leafs,San Jose Sharks
Thu,10/29/2026,7:00 PM,San Jose Sharks,Vancouver Canucks
Mon,11/2/2026,7:00 PM,San Jose Sharks,Calgary Flames
Sat,11/7/2026,6:00 PM,Dallas Stars,San Jose Sharks
Tue,11/17/2026,8:00 PM,San Jose Sharks,Calgary Flames
Sat,11/21/2026,8:00 PM,San Jose Sharks,Seattle Kraken
Wed,11/25/2026,7:30 PM,Anaheim Ducks,San Jose Sharks
Fri,11/27/2026,2:00 PM,San Jose Sharks,Vegas Golden Knights
Tue,12/1/2026,5:00 PM,New Jersey Devils,San Jose Sharks
Thu,12/3/2026,5:00 PM,N.Y. Rangers,San Jose Sharks
Tue,12/8/2026,8:00 PM,San Jose Sharks,Seattle Kraken
Mon,12/14/2026,8:00 PM,San Jose Sharks,Vancouver Canucks
Wed,12/16/2026,8:00 PM,Vegas Golden Knights,San Jose Sharks
Sat,12/19/2026,8:00 PM,Vancouver Canucks,San Jose Sharks
Tue,12/22/2026,7:40 PM,Seattle Kraken,San Jose Sharks
Sat,12/26/2026,8:00 PM,San Jose Sharks,Vegas Golden Knights
Mon,12/28/2026,5:30 PM,Winnipeg Jets,San Jose Sharks
Tue,12/29/2026,6:00 PM,Calgary Flames,San Jose Sharks
Fri,1/1/2027,2:00 PM,San Jose Sharks,Philadelphia Flyers
Sat,1/2/2027,5:00 PM,San Jose Sharks,Toronto Maple Leafs
Mon,1/4/2027,8:00 PM,San Jose Sharks,New Jersey Devils
Wed,1/6/2027,8:00 PM,San Jose Sharks,Dallas Stars
Fri,1/8/2027,8:00 PM,San Jose Sharks,Washington Capitals
Sat,1/9/2027,8:00 PM,San Jose Sharks,N.Y. Rangers
Wed,1/13/2027,7:00 PM,Edmonton Oilers,San Jose Sharks
Thu,1/14/2027,6:00 PM,Calgary Flames,San Jose Sharks
Sat,1/16/2027,8:00 PM,Seattle Kraken,San Jose Sharks
Sat,1/23/2027,8:00 PM,San Jose Sharks,Edmonton Oilers
Sat,1/30/2027,2:00 PM,San Jose Sharks,Chicago Blackhawks
Wed,2/10/2027,8:00 PM,San Jose Sharks,Chicago Blackhawks
Sat,2/13/2027,2:00 PM,San Jose Sharks,Detroit Red Wings
Mon,2/15/2027,5:30 PM,San Jose Sharks,Winnipeg Jets
Fri,2/19/2027,5:00 PM,Washington Capitals,San Jose Sharks
Sun,2/21/2027,4:00 PM,Florida Panthers,San Jose Sharks
Tue,2/23/2027,5:00 PM,Tampa Bay Lightning,San Jose Sharks
Sat,2/27/2027,5:00 PM,Philadelphia Flyers,San Jose Sharks
Wed,3/3/2027,8:00 PM,San Jose Sharks,Columbus Blue Jackets
Sat,3/6/2027,8:00 PM,San Jose Sharks,Tampa Bay Lightning
Tue,3/9/2027,8:00 PM,Vegas Golden Knights,San Jose Sharks
Thu,3/11/2027,6:00 PM,St. Louis Blues,San Jose Sharks
Sat,3/13/2027,5:00 PM,Columbus Blue Jackets,San Jose Sharks
Tue,3/16/2027,5:00 PM,Chicago Blackhawks,San Jose Sharks
Thu,3/18/2027,5:00 PM,Winnipeg Jets,San Jose Sharks
Mon,3/22/2027,7:00 PM,Anaheim Ducks,San Jose Sharks
Wed,3/24/2027,7:00 PM,San Jose Sharks,Anaheim Ducks
Wed,3/31/2027,5:30 PM,Edmonton Oilers,San Jose Sharks
Sat,4/3/2027,7:00 PM,Vancouver Canucks,San Jose Sharks
Sun,4/4/2027,6:30 PM,San Jose Sharks,St. Louis Blues
Sat,4/10/2027,1:00 PM,San Jose Sharks,Anaheim Ducks
Thu,10/1/2026,6:00 PM,Calgary Flames,Seattle Kraken
Sat,10/3/2026,4:00 PM,Edmonton Oilers,Seattle Kraken
Sun,10/4/2026,5:00 PM,Seattle Kraken,Calgary Flames
Tue,10/6/2026,6:40 PM,Seattle Kraken,Vegas Golden Knights
Fri,10/9/2026,4:00 PM,Detroit Red Wings,Seattle Kraken
Sun,10/11/2026,2:00 PM,Washington Capitals,Seattle Kraken
Tue,10/13/2026,4:00 PM,Philadelphia Flyers,Seattle Kraken
Thu,10/15/2026,4:00 PM,Tampa Bay Lightning,Seattle Kraken
Sat,10/17/2026,3:00 PM,Florida Panthers,Seattle Kraken
Tue,10/20/2026,6:40 PM,Seattle Kraken,Detroit Red Wings
Wed,10/28/2026,7:00 PM,Seattle Kraken,Toronto Maple Leafs
Fri,10/30/2026,5:00 PM,Calgary Flames,Seattle Kraken
Wed,11/4/2026,8:00 PM,Seattle Kraken,Calgary Flames
Sat,11/7/2026,3:00 PM,Seattle Kraken,N.Y. Rangers
Thu,11/19/2026,7:40 PM,Seattle Kraken,Vancouver Canucks
Mon,11/23/2026,7:40 PM,Seattle Kraken,Anaheim Ducks
Wed,11/25/2026,7:40 PM,Seattle Kraken,Chicago Blackhawks
Fri,11/27/2026,6:00 PM,Edmonton Oilers,Seattle Kraken
Sat,11/28/2026,8:00 PM,Seattle Kraken,Edmonton Oilers
Tue,12/1/2026,7:40 PM,Seattle Kraken,Dallas Stars
Thu,12/3/2026,7:40 PM,Seattle Kraken,Dallas Stars
Fri,12/4/2026,8:00 PM,Anaheim Ducks,Seattle Kraken
Thu,12/10/2026,7:00 PM,Seattle Kraken,Washington Capitals
Thu,12/17/2026,5:00 PM,Columbus Blue Jackets,Seattle Kraken
Tue,12/29/2026,7:40 PM,Seattle Kraken,Philadelphia Flyers
Wed,12/30/2026,7:30 PM,Vancouver Canucks,Seattle Kraken
Sun,1/3/2027,6:00 PM,Seattle Kraken,Vancouver Canucks
Tue,1/5/2027,7:40 PM,Seattle Kraken,Tampa Bay Lightning
Sat,1/9/2027,8:00 PM,Vegas Golden Knights,Seattle Kraken
Tue,1/12/2027,7:40 PM,Seattle Kraken,Florida Panthers
Thu,1/14/2027,7:00 PM,Vancouver Canucks,Seattle Kraken
Mon,1/18/2027,2:00 PM,Seattle Kraken,Columbus Blue Jackets
Mon,1/25/2027,5:00 PM,N.Y. Rangers,Seattle Kraken
Tue,1/26/2027,5:00 PM,New Jersey Devils,Seattle Kraken
Sun,1/31/2027,2:00 PM,Seattle Kraken,New Jersey Devils
Sat,2/13/2027,8:00 PM,Seattle Kraken,St. Louis Blues
Wed,2/24/2027,8:00 PM,Anaheim Ducks,Seattle Kraken
Sat,2/27/2027,5:00 PM,Seattle Kraken,Winnipeg Jets
Mon,3/1/2027,5:00 PM,Winnipeg Jets,Seattle Kraken
Wed,3/3/2027,4:30 PM,Toronto Maple Leafs,Seattle Kraken
Sat,3/13/2027,8:00 PM,Seattle Kraken,Edmonton Oilers
Mon,3/15/2027,6:40 PM,Seattle Kraken,St. Louis Blues
Wed,3/17/2027,7:00 PM,Vegas Golden Knights,Seattle Kraken
Tue,3/23/2027,6:40 PM,Seattle Kraken,Vegas Golden Knights
Thu,3/25/2027,6:40 PM,Seattle Kraken,Anaheim Ducks
Sun,3/28/2027,12:00 PM,Chicago Blackhawks,Seattle Kraken
Sat,4/3/2027,4:00 PM,Seattle Kraken,Winnipeg Jets
Mon,4/5/2027,5:00 PM,Dallas Stars,Seattle Kraken
Thu,4/8/2027,5:00 PM,St. Louis Blues,Seattle Kraken
Sat,4/10/2027,3:00 PM,Chicago Blackhawks,Seattle Kraken
Thu,10/1/2026,4:00 PM,N.Y. Rangers,Tampa Bay Lightning
Sat,10/3/2026,4:00 PM,Tampa Bay Lightning,Washington Capitals
Mon,10/5/2026,4:00 PM,Tampa Bay Lightning,Philadelphia Flyers
Tue,10/13/2026,4:15 PM,N.Y. Rangers,Tampa Bay Lightning
Sat,10/17/2026,1:00 PM,Tampa Bay Lightning,Vancouver Canucks
Tue,10/20/2026,7:30 PM,Vegas Golden Knights,Tampa Bay Lightning
Thu,10/29/2026,4:00 PM,Tampa Bay Lightning,Winnipeg Jets
Tue,11/3/2026,5:00 PM,Tampa Bay Lightning,Detroit Red Wings
Thu,11/5/2026,5:00 PM,Tampa Bay Lightning,Chicago Blackhawks
Sun,11/8/2026,5:00 PM,Winnipeg Jets,Tampa Bay Lightning
Thu,11/12/2026,5:00 PM,Columbus Blue Jackets,Tampa Bay Lightning
Sat,11/14/2026,5:00 PM,Tampa Bay Lightning,Detroit Red Wings
Tue,11/17/2026,5:00 PM,Tampa Bay Lightning,Washington Capitals
Thu,11/19/2026,5:00 PM,Tampa Bay Lightning,Edmonton Oilers
Sat,11/28/2026,4:00 PM,Florida Panthers,Tampa Bay Lightning
Mon,12/7/2026,5:00 PM,Tampa Bay Lightning,Columbus Blue Jackets
Sun,12/13/2026,6:00 PM,St. Louis Blues,Tampa Bay Lightning
Thu,12/17/2026,5:00 PM,Tampa Bay Lightning,Calgary Flames
Sat,12/19/2026,5:00 PM,Toronto Maple Leafs,Tampa Bay Lightning
Sun,12/20/2026,3:00 PM,Detroit Red Wings,Tampa Bay Lightning
Tue,12/22/2026,5:00 PM,Tampa Bay Lightning,St. Louis Blues
Sat,12/26/2026,4:00 PM,Florida Panthers,Tampa Bay Lightning
Thu,1/7/2027,7:00 PM,Vancouver Canucks,Tampa Bay Lightning
Sat,1/9/2027,1:30 PM,Calgary Flames,Tampa Bay Lightning
Mon,1/11/2027,6:30 PM,Edmonton Oilers,Tampa Bay Lightning
Thu,1/14/2027,5:00 PM,Tampa Bay Lightning,Vegas Golden Knights
Thu,1/21/2027,5:00 PM,New Jersey Devils,Tampa Bay Lightning
Sat,1/23/2027,11:00 AM,Detroit Red Wings,Tampa Bay Lightning
Wed,2/3/2027,5:30 PM,Philadelphia Flyers,Tampa Bay Lightning
Fri,2/12/2027,5:00 PM,Tampa Bay Lightning,Dallas Stars
Tue,2/16/2027,5:00 PM,Tampa Bay Lightning,Florida Panthers
Thu,2/18/2027,5:00 PM,Tampa Bay Lightning,Anaheim Ducks
Sat,2/20/2027,5:00 PM,Tampa Bay Lightning,Toronto Maple Leafs
Thu,2/25/2027,6:00 PM,Dallas Stars,Tampa Bay Lightning
Fri,3/5/2027,8:00 PM,Anaheim Ducks,Tampa Bay Lightning
Mon,3/8/2027,6:00 PM,Chicago Blackhawks,Tampa Bay Lightning
Thu,3/11/2027,5:00 PM,Tampa Bay Lightning,New Jersey Devils
Mon,3/15/2027,10:00 AM,Washington Capitals,Tampa Bay Lightning
Wed,3/17/2027,4:30 PM,Toronto Maple Leafs,Tampa Bay Lightning
Tue,3/23/2027,4:00 PM,Tampa Bay Lightning,Florida Panthers
Thu,3/25/2027,4:00 PM,Tampa Bay Lightning,Philadelphia Flyers
Sat,3/27/2027,4:00 PM,Tampa Bay Lightning,N.Y. Rangers
Tue,3/30/2027,4:00 PM,Tampa Bay Lightning,Toronto Maple Leafs
Thu,4/1/2027,4:00 PM,Tampa Bay Lightning,Columbus Blue Jackets
Tue,4/6/2027,4:00 PM,New Jersey Devils,Tampa Bay Lightning
Sun,10/4/2026,10:00 AM,Detroit Red Wings,Winnipeg Jets
Fri,10/9/2026,5:00 PM,Winnipeg Jets,Anaheim Ducks
Thu,10/15/2026,5:00 PM,Chicago Blackhawks,Winnipeg Jets
Tue,10/20/2026,5:00 PM,St. Louis Blues,Winnipeg Jets
Thu,10/22/2026,5:00 PM,Dallas Stars,Winnipeg Jets
Tue,10/27/2026,5:00 PM,Winnipeg Jets,Florida Panthers
Fri,10/30/2026,4:00 PM,Florida Panthers,Winnipeg Jets
Thu,11/5/2026,6:00 PM,Winnipeg Jets,Vancouver Canucks
Tue,11/10/2026,6:00 PM,Winnipeg Jets,New Jersey Devils
Thu,11/12/2026,6:00 PM,Dallas Stars,Winnipeg Jets
Sat,11/14/2026,1:30 PM,Chicago Blackhawks,Winnipeg Jets
Sat,11/21/2026,5:00 PM,Winnipeg Jets,Vegas Golden Knights
Sat,11/28/2026,5:00 PM,New Jersey Devils,Winnipeg Jets
Mon,11/30/2026,5:30 PM,Winnipeg Jets,Chicago Blackhawks
Sat,12/5/2026,5:00 PM,Vegas Golden Knights,Winnipeg Jets
Sun,12/6/2026,6:00 PM,Anaheim Ducks,Winnipeg Jets
Tue,12/8/2026,6:00 PM,Winnipeg Jets,Philadelphia Flyers
Thu,12/10/2026,6:00 PM,Winnipeg Jets,Chicago Blackhawks
Tue,12/15/2026,6:00 PM,St. Louis Blues,Winnipeg Jets
Sat,12/19/2026,5:00 PM,Winnipeg Jets,Dallas Stars
Sun,12/20/2026,4:00 PM,Winnipeg Jets,Dallas Stars
Thu,12/31/2026,6:00 PM,Calgary Flames,Winnipeg Jets
Sat,1/2/2027,5:00 PM,Winnipeg Jets,Calgary Flames
Mon,1/11/2027,5:30 PM,Toronto Maple Leafs,Winnipeg Jets
Sat,1/16/2027,5:00 PM,Winnipeg Jets,Anaheim Ducks
Sun,1/17/2027,5:00 PM,Edmonton Oilers,Winnipeg Jets
Thu,1/21/2027,6:00 PM,Winnipeg Jets,N.Y. Rangers
Thu,1/28/2027,5:00 PM,Columbus Blue Jackets,Winnipeg Jets
Sat,1/30/2027,11:00 AM,Philadelphia Flyers,Winnipeg Jets
Tue,2/2/2027,4:00 PM,Washington Capitals,Winnipeg Jets
Wed,2/3/2027,5:30 PM,N.Y. Rangers,Winnipeg Jets
Sat,2/13/2027,8:00 PM,Vancouver Canucks,Winnipeg Jets
Fri,2/19/2027,6:00 PM,Winnipeg Jets,St. Louis Blues
Fri,3/5/2027,6:00 PM,Winnipeg Jets,Washington Capitals
Sun,3/7/2027,1:00 PM,Winnipeg Jets,Calgary Flames
Tue,3/9/2027,6:00 PM,Winnipeg Jets,Detroit Red Wings
Thu,3/11/2027,6:00 PM,Winnipeg Jets,Toronto Maple Leafs
Mon,3/15/2027,7:00 PM,Vegas Golden Knights,Winnipeg Jets
Sat,3/20/2027,4:00 PM,Winnipeg Jets,Columbus Blue Jackets
Tue,3/23/2027,5:00 PM,Winnipeg Jets,St. Louis Blues
Wed,4/7/2027,5:00 PM,Winnipeg Jets,Edmonton Oilers
Fri,4/9/2027,4:00 PM,Winnipeg Jets,Vancouver Canucks
Sat,4/10/2027,7:00 PM,Edmonton Oilers,Winnipeg Jets
